game_id,line_item_index,name,quantity,quantity_missing,t_hat,price_low,price_high,sigma,coverage_probability,channels,memory_backed,model_backed,rule,charge_decided,limit_decided,charge_settled,limit_lower_bracket,limit_upper_bracket,t_lo,t_hi,t_bounded,t_point,penalty_on_this_item,stage,why,strategy1_charge,strategy1_limit,strategy2_charge,strategy2_limit,strategy3_charge,strategy3_limit,charge_over_t_lo,limit_over_t_lo,t_hat_over_t_point,decision_log_partial
26,1,Disassembly and assembly service (1 pcs),1.0,False,288.44410203711897,157.8122880500669,527.208628859143,0.3666231227872056,0.95,C:model,False,True,priced,197.59,86.53,251.64,106.56,inf,95.47,106.2,True,100.83500000000001,0.0,charge-above-t,"Charged 252 against t < 106, so every opponent owed us nothing.",,,,,,,2.635802,0.906358,2.860555,False
26,2,Construction dryer (7 days),7.0,False,1047.6640682967034,697.2017027127912,1574.2933439910867,0.2475644450567098,0.975,C:model,False,True,priced,773.8,314.3,252.63,110.88,139.53,282.33,378.0,True,330.16499999999996,2945.385,ok,Nothing obviously wrong with this item.,,,,,,,0.894804,1.113236,3.173153,False
26,3,Rock wool pipe insulation (1 pcs),1.0,False,46.68713442566234,26.272491400359456,82.96466778365921,0.34951136485680523,0.87,B:memory|C:model,True,True,priced,32.34,14.01,29.27,7.0,18.85,37.17,41.94,True,39.555,304.245,ok,Nothing obviously wrong with this item.,,,,,,,0.787463,0.376917,1.180309,False
26,4,Construction waste disposal (1 flat rate),1.0,False,87.06739557667055,48.995883548646816,154.72180157701834,0.3495113648568051,0.835,B:memory|C:model,True,True,priced,60.31,26.12,58.39,16.54,32.13,58.39,60.0,True,59.195,351.69,ok,Nothing obviously wrong with this item.,,,,,,,1.0,0.447337,1.470857,False
26,5,Wall levelling material (1 pcs),1.0,False,51.961524227066306,23.74747382959393,113.69630384160182,0.47600447795893874,0.9299999999999999,C:model,False,True,priced,33.04,15.59,18.39,0.0,15.0,65.0,,False,65.0,748.365,charge-far-below-t,Charged 18 against t >= 65; the difference was forfeited from every opponent.,,,,,,,0.282923,0.239846,0.799408,False
26,6,Rough renovation (2.78 m²),2.78,False,319.99999999999994,188.27148973265665,543.8954147832302,0.32245348349096126,0.9450000000000001,C:model,False,True,priced,225.57,96.0,250.04,72.83,112.5,181.39,206.58,True,193.985,2114.4,charge-above-t,"Charged 250 against t < 207, so every opponent owed us nothing.",,,,,,,1.378466,0.529246,1.649612,False
26,7,Mounting / service opening (1 pcs),1.0,False,198.99748742132394,104.6386909858212,378.4451012041605,0.3907470034545409,0.96,C:model,False,True,priced,134.16,59.7,79.25,39.63,65.0,130.23,176.75,True,153.49,1392.96,ok,Nothing obviously wrong with this item.,,,,,,,0.608539,0.45842,1.296485,False
26,8,Premium large-format designer wall tiles 120 x 120 (5 pcs),5.0,False,394.96835316263014,148.3601735363345,1051.4951302735876,0.5952356965334596,0.18,C:model,False,True,uncovered-free-option,229.93,0.0,109.87,0.0,inf,0.0,43.6,True,21.8,0.0,ok,Nothing obviously wrong with this item.,,,,,,,,,18.117814,False
26,9,Premium grout (1 pcs),1.0,False,22.9128784747792,7.506362943465235,69.94066286883259,0.678387889345277,0.22,C:model,False,True,uncovered-free-option,12.48,0.0,11.95,0.0,3.58,11.3,11.64,True,11.47,22.320000000000004,coverage-too-low,"Coverage came back 0.22 so the Limit collapsed, but the item is worth at least 11.",,,,,,,1.057522,0.0,1.997635,False
26,10,Premium silicone sealant (12 m),12.0,False,57.445626465380286,27.348255792557968,120.66583057549136,0.45117697293250963,0.21000000000000002,C:model,False,True,uncovered-free-option,37.17,0.0,34.76,0.0,inf,0.0,14.56,True,7.28,0.0,ok,Nothing obviously wrong with this item.,,,,,,,,,7.890883,False
26,11,Vehicle costs (1 pcs),1.0,False,72.47101972066238,40.7819898524297,128.7835321022162,0.34951136485680523,0.75,B:memory|C:model,True,True,priced,50.2,21.74,52.14,5.24,24.28,81.0,,False,81.0,944.535,ok,Nothing obviously wrong with this item.,,,,,,,0.643704,0.268395,0.894704,False
26,12,Skilled worker hours (14 hrs),14.0,False,1084.8985233882877,610.5105287917249,1927.9025512951,0.34951136485680523,0.96,B:memory|C:model,True,True,priced,751.53,325.47,766.7,0.0,338.59,980.01,,False,980.01,15217.244999999999,ok,Nothing obviously wrong with this item.,,,,,,,0.782339,0.332109,1.107028,False
27,1,Translation from Spanish to English 68 lines,1.0,False,0.0,0.0,0.0,0.42136606720969316,0.01,C:model,False,True,uncovered-free-option,39.62,0.0,39.62,0.0,inf,0.0,39.62,True,19.81,0.0,ok,Nothing obviously wrong with this item.,10200.0,1.0,39.62,0.0,10200.0,35.0,,,0.0,False
27,2,Material costs (1 pcs),1.0,False,0.0,0.0,0.0,0.42136606720969316,0.0,B:memory|C:model,True,True,uncovered-free-option,39.62,0.0,39.62,0.0,inf,0.0,0.01,True,0.005,0.0,ok,Nothing obviously wrong with this item.,150.0,0.33,39.62,0.0,150.0,1.67,,,0.0,False
27,3,Compensation for robbery damage (1 pcs),1.0,False,3794.7331922020508,513.7582865944561,28028.744987167192,1.21557233250365,0.975,C:model,False,True,priced,1149.78,1138.42,4348.44,720.0,2755.38,3000.0,3022.15,True,3011.075,8633.07,charge-above-t,"Charged 4348 against t < 3022, so every opponent owed us nothing.",2030.0,35.0,1149.78,1138.42,21000.0,35.0,1.44948,0.379473,1.260259,False
27,4,Shipping (1 pcs),1.0,False,0.0,0.0,0.0,0.42136606720969316,0.0,C:model,False,True,uncovered-free-option,39.62,0.0,39.62,0.0,inf,0.0,7.0,True,3.5,0.0,ok,Nothing obviously wrong with this item.,150.0,0.0,39.62,0.0,150.0,0.0,,,0.0,False
28,1,Electrician labour checking and rewiring the flooded (12 hrs),12.0,False,1018.2337649086287,725.5030263193353,1429.0774295731824,0.20605444292873148,0.97,C:model,False,True,priced,771.08,305.47,771.08,0.0,inf,0.0,402.95,True,201.475,0.0,coverage-too-high,Coverage came back 0.97 but the item is worth about nothing (t < 403).,1800.0,35.0,771.08,305.47,1800.0,0.0,,,5.053896,False
28,2,Vehicle costs (1 pcs),1.0,False,96.2742179911468,54.17688610287527,171.08264642982027,0.34951136485680523,0.11499999999999999,B:memory|C:model,True,True,uncovered-free-option,66.69,0.0,66.69,0.0,inf,0.0,24.28,True,12.14,0.0,ok,Nothing obviously wrong with this item.,150.0,6.67,66.69,0.0,150.0,26.67,,,7.930331,False
28,3,Procurement of a motor pump (1 pcs),1.0,False,319.99999999999994,188.27148973265665,543.8954147832302,0.32245348349096126,0.92,C:model,False,True,priced,225.57,96.0,225.57,49.5,inf,0.0,49.5,True,24.75,0.0,coverage-too-high,Coverage came back 0.92 but the item is worth about nothing (t < 50).,210.0,35.0,225.57,96.0,262.5,35.0,,,12.929293,False
28,4,Submersible pump (1 pcs),1.0,False,265.3299832284321,140.83061557248004,499.8913035622423,0.3850555688999104,0.92,C:model,False,True,priced,179.56,79.6,179.56,49.5,inf,0.0,49.5,True,24.75,0.0,coverage-too-high,Coverage came back 0.92 but the item is worth about nothing (t < 50).,367.5,35.0,179.56,79.6,402.5,35.0,,,10.720403,False
28,5,Water extraction from the flooded basement (1 pcs),1.0,False,434.7413023856831,255.56347415166024,739.5423020734207,0.3229667702790722,0.955,C:model,False,True,priced,306.35,130.42,306.35,49.5,inf,0.0,49.5,True,24.75,0.0,coverage-too-high,Coverage came back 0.95 but the item is worth about nothing (t < 50).,315.0,35.0,306.35,130.42,1190.0,35.0,,,17.565305,False
28,6,Small electrical materials for the rewiring (1 pcs),1.0,False,84.85281374238568,28.928305429611868,248.89117744967746,0.6541626808989845,0.925,C:model,False,True,priced,47.15,25.46,47.15,0.0,inf,0.0,47.15,True,23.575,0.0,coverage-too-high,Coverage came back 0.93 but the item is worth about nothing (t < 47).,150.0,10.0,47.15,25.46,280.0,35.0,,,3.599271,False
28,7,Renew boiler system including flue gas system and (1 flat rate),1.0,False,4837.354648979127,1985.7189479713272,11784.144993885538,0.541268676111867,0.47500000000000003,C:model,False,True,uncovered-free-option,2933.51,0.0,2000.0,0.0,inf,0.0,49.5,True,24.75,0.0,ok,Nothing obviously wrong with this item.,5425.0,35.0,2933.51,0.0,9100.0,0.0,,,195.448673,False
28,8,Adjust supply pipework to fit the replacement boiler (1 flat rate),1.0,False,581.3776741499455,284.5175063831905,1187.9761083832184,0.4344108217016722,0.465,C:model,False,True,uncovered-free-option,380.52,0.0,380.52,0.0,inf,0.0,49.5,True,24.75,0.0,ok,Nothing obviously wrong with this item.,385.0,35.0,380.52,0.0,840.0,0.0,,,23.490007,False
28,9,Dispose of the old boiler system 1 –,1.0,False,364.6916505762093,179.41556492563993,741.2957736143057,0.4312142837253999,0.495,C:model,False,True,uncovered-free-option,239.22,0.0,239.22,0.0,inf,0.0,49.5,True,24.75,0.0,ok,Nothing obviously wrong with this item.,150.0,26.67,239.22,0.0,490.0,35.0,,,14.735016,False
28,10,Vehicle costs,1.0,True,0.0,0.0,0.0,0.42136606720969316,0.0,A:no-quantity|C:model,False,True,uncovered-free-option,39.62,0.0,39.62,0.0,inf,0.0,36.0,True,18.0,0.0,ok,Nothing obviously wrong with this item.,150.0,0.0,39.62,0.0,150.0,35.0,,,0.0,False
29,1,Water extraction from the flooded plant room (1 pcs),1.0,False,265.3299832284321,135.6819895632579,518.8603161451879,0.40769631336941636,0.98,C:model,False,True,priced,176.85,79.6,176.85,0.0,inf,0.0,100.0,True,50.0,0.0,coverage-too-high,Coverage came back 0.98 but the item is worth about nothing (t < 100).,315.0,35.0,176.85,79.6,,,,,5.3066,False
29,2,"Renew the water-damaged boiler, flue and storage (1 flat rate)",1.0,False,7138.627319029896,3452.4029741010427,14760.733431840827,0.44161094395742356,0.94,C:model,False,True,priced,4649.21,2141.59,2000.0,100.0,inf,0.0,57.3,True,28.65,0.0,coverage-too-high,Coverage came back 0.94 but the item is worth about nothing (t < 57).,5110.0,35.0,4649.21,2141.59,,,,,249.166748,False
29,3,Dispose of the old boiler system 1 –,1.0,False,364.6916505762093,179.41556492563993,741.295773614306,0.43121428372539994,0.97,C:model,False,True,priced,239.22,109.41,239.22,107.94,181.0,516.03,,False,516.03,5837.655,charge-far-below-t,Charged 239 against t >= 516; the difference was forfeited from every opponent.,245.0,35.0,239.22,109.41,,,0.463578,0.212023,0.706726,False
29,4,Vehicle costs (1 pcs),1.0,False,0.0,0.0,0.0,0.42136606720969316,0.08,B:memory|C:model,True,True,uncovered-free-option,39.62,0.0,39.62,0.0,24.28,80.23,85.5,True,82.86500000000001,854.025,coverage-too-low,"Coverage came back 0.08 so the Limit collapsed, but the item is worth at least 80.",150.0,35.0,39.62,0.0,,,0.49383,0.0,0.0,False
30,1,"Disassembly/reassembly, construction dryer for the (1 flat rate)",1.0,False,721.1102550927981,365.621178642613,1422.2370868408839,0.4128840601355999,0.98,C:model,False,True,priced,478.96,216.33,478.96,162.0,323.0,432.0,478.96,True,455.48,2315.6549999999997,ok,Nothing obviously wrong with this item.,437.5,35.0,478.96,216.33,,,1.108704,0.500764,1.583188,False
30,2,Construction waste disposal (1 flat rate),1.0,False,82.63016353134867,46.498897126450814,146.83668532287564,0.34951136485680523,0.9199999999999999,B:memory|C:model,True,True,priced,57.24,24.79,57.24,0.0,41.44,57.3,72.56,True,64.93,360.135,ok,Nothing obviously wrong with this item.,150.0,35.0,57.24,24.79,,,0.998953,0.432635,1.272604,False
30,3,"Wall preparation, rough repair and mounting opening (1 flat rate)",1.0,False,349.9999999999999,172.74525869929758,709.1366844009249,0.42924932415602146,0.965,C:model,False,True,priced,229.89,105.0,229.89,100.0,205.0,378.0,404.14,True,391.07,5122.335,ok,Nothing obviously wrong with this item.,245.0,0.0,229.89,105.0,,,0.608175,0.277778,0.89498,False
30,4,Standard wall tiling incl. standard silicone sealant (1 flat rate),1.0,False,269.8147512646406,123.49562918440431,589.4945471413774,0.47509413548330603,0.935,C:model,False,True,priced,171.66,80.94,171.66,57.3,100.0,449.99,,False,449.99,5101.305,charge-far-below-t,Charged 172 against t >= 450; the difference was forfeited from every opponent.,175.0,35.0,171.66,80.94,,,0.381475,0.179871,0.599602,False
30,5,Vehicle costs (1 flat rate),1.0,False,76.09602965040077,42.82191034394995,135.2253013012249,0.34951136485680523,0.4,B:memory|C:model,True,True,uncovered-free-option,52.71,0.0,52.71,0.0,40.5,100.0,,False,100.0,1463.6399999999999,coverage-too-low,"Coverage came back 0.40 so the Limit collapsed, but the item is worth at least 100.",150.0,25.29,52.71,0.0,,,0.5271,0.0,0.76096,False
31,1,Leak detection call-out and pinpointing of the sink (1 pcs),1.0,False,180.0,120.04118758114569,269.9073597393243,0.24627473383293091,0.98,C:model,False,True,priced,133.05,81.0,133.05,49.5,137.21,432.0,,False,432.0,4677.945,charge-far-below-t,Charged 133 against t >= 432; the difference was forfeited from every opponent.,210.0,35.0,133.05,81.0,175.0,35.0,0.307986,0.1875,0.416667,False
31,2,Moisture measurement of the kitchen floor and wall (1 pcs),1.0,False,158.7450786638754,90.07978737152652,279.7519924871126,0.34444001994017487,0.96,C:model,False,True,priced,110.33,71.44,110.33,49.5,80.0,154.68,,False,154.68,2182.92,ok,Nothing obviously wrong with this item.,154.0,35.0,110.33,71.44,150.0,35.0,0.713279,0.461857,1.026281,False
31,3,Service technician hours (14 hrs),14.0,False,982.1577703938716,552.6946961706386,1745.3286464092296,0.3495113648568051,0.925,B:memory|C:model,True,True,priced,680.36,441.97,680.36,0.0,481.24,576.0,680.36,True,628.1800000000001,3179.295,ok,Nothing obviously wrong with this item.,2100.0,0.0,680.36,441.97,2100.0,0.0,1.181181,0.767309,1.563497,False
31,4,Vehicle costs (1 pcs),1.0,False,56.5386659605383,31.816294435487087,100.47118325105461,0.34951136485680523,0.35,B:memory|C:model,True,True,uncovered-free-option,39.17,0.0,39.17,0.0,24.28,24.28,36.0,True,30.14,36.42,coverage-too-low,"Coverage came back 0.35 so the Limit collapsed, but the item is worth at least 24.",150.0,35.0,39.17,0.0,150.0,35.0,1.613262,0.0,1.875868,False
31,5,Freeing the affected pipe run beneath the kitchen sink1 pcs,1.0,False,169.70562748477138,91.34568913102794,315.2858145137943,0.3765436121795709,0.91,C:model,False,True,priced,115.49,76.37,115.49,49.5,99.0,115.49,147.83,True,131.66,310.5,ok,Nothing obviously wrong with this item.,210.0,35.0,115.49,76.37,150.0,35.0,1.0,0.661269,1.288969,False
31,6,Removal and disposal of damaged insulation (2 pcs),2.0,False,34.0812415461412,19.178712432228384,60.56355604845274,0.34951136485680523,0.91,B:memory|C:model,True,True,priced,23.61,15.34,23.61,0.0,16.0,146.66,,False,146.66,1408.5,charge-far-below-t,Charged 24 against t >= 147; the difference was forfeited from every opponent.,300.0,35.0,23.61,15.34,300.0,35.0,0.160985,0.104596,0.232383,False
31,7,Repair of the confirmed leak (1 pcs),1.0,False,366.60605559646694,201.6034102056881,666.6553897222111,0.36351696156755603,0.96,C:model,False,True,priced,251.64,164.97,251.64,144.0,inf,114.0,144.0,True,129.0,0.0,charge-above-t,"Charged 252 against t < 144, so every opponent owed us nothing.",304.5,35.0,251.64,164.97,192.5,35.0,2.207368,1.447105,2.841907,False
31,8,Replacement copper pipe section and standard (1 flat rate),1.0,False,105.83005244258368,39.93214324415686,280.4758044545698,0.5924941847852179,0.905,C:model,False,True,priced,61.74,47.62,61.74,0.0,49.0,61.74,144.53,True,103.135,317.53499999999997,ok,Nothing obviously wrong with this item.,150.0,35.0,61.74,47.62,315.0,35.0,1.0,0.771299,1.026131,False
31,9,Room drying line item for the roof space (Dachstuhl)1 pcs,1.0,False,0.0,0.0,0.0,0.42136606720969316,0.18,C:model,False,True,uncovered-free-option,39.62,0.0,39.62,0.0,inf,0.0,39.62,True,19.81,0.0,ok,Nothing obviously wrong with this item.,350.0,35.0,39.62,0.0,150.0,0.0,,,0.0,False
31,10,Condensation dryer (kitchen) (1 pcs),1.0,False,148.87648369463486,83.77802976558588,264.5587089991872,0.34951136485680523,0.9299999999999999,B:memory|C:model,True,True,priced,103.13,66.99,103.13,52.73,inf,52.73,90.69,True,71.71,0.0,charge-above-t,"Charged 103 against t < 91, so every opponent owed us nothing.",150.0,35.0,103.13,66.99,175.0,35.0,1.955813,1.270434,2.076091,False
31,11,Room drying of the kitchen floor and wall base (1 pcs),1.0,False,636.8673331236266,339.6125466838559,1194.3021656899266,0.3822224719746038,0.96,C:model,False,True,priced,431.8,286.59,431.8,265.85,inf,49.5,193.35,True,121.425,0.0,charge-above-t,"Charged 432 against t < 193, so every opponent owed us nothing.",350.0,35.0,431.8,286.59,595.0,35.0,8.723232,5.789697,5.244944,False
31,12,Drying fan (roof space) (2 pcs),2.0,False,0.0,0.0,0.0,0.42136606720969316,0.2,B:memory|C:model,True,True,uncovered-free-option,39.62,0.0,39.62,0.0,inf,0.0,39.62,True,19.81,0.0,ok,Nothing obviously wrong with this item.,300.0,35.0,39.62,0.0,300.0,0.0,,,0.0,False
31,13,Final site cleaning of the covered work area (1 pcs),1.0,False,90.0,42.42640687119285,190.91883092036787,0.4571663819988675,0.45,C:model,False,True,uncovered-free-option,57.98,0.0,57.98,0.0,42.0,78.46,86.64,True,82.55,471.09,coverage-too-low,"Coverage came back 0.45 so the Limit collapsed, but the item is worth at least 78.",150.0,35.0,57.98,0.0,150.0,33.33,0.738975,0.0,1.090248,False
31,14,Vehicle costs (1 pcs),1.0,False,52.41568253814028,29.49614675794541,93.14449777068026,0.34951136485680523,0.275,B:memory|C:model,True,True,uncovered-free-option,36.31,0.0,36.31,0.0,24.28,81.0,,False,81.0,826.26,coverage-too-low,"Coverage came back 0.28 so the Limit collapsed, but the item is worth at least 81.",150.0,35.0,36.31,0.0,150.0,35.0,0.448272,0.0,0.647107,False
31,15,Cleaning of entire apartment,1.0,True,0.0,0.0,0.0,0.42136606720969316,0.0,A:no-quantity|C:model,False,True,uncovered-free-option,39.62,0.0,39.62,0.0,inf,0.0,39.62,True,19.81,0.0,ok,Nothing obviously wrong with this item.,164.5,35.0,39.62,0.0,385.0,35.0,,,0.0,False
31,16,"Removal, transport and disposal of the water-damaged (3 pcs)",3.0,False,243.34213203652348,136.93717016310535,432.42746402273093,0.34951136485680523,0.865,B:memory|C:model,True,True,priced,168.57,109.5,168.57,108.0,121.3,139.1,158.52,True,148.81,1176.45,charge-above-t,"Charged 169 against t < 159, so every opponent owed us nothing.",150.0,0.0,168.57,109.5,245.0,0.0,1.211862,0.787203,1.635254,False
31,17,Delivery and assembly of the replacement table (1 flat rate),1.0,False,0.0,0.0,0.0,0.42136606720969316,0.3,B:memory|C:model,True,True,uncovered-free-option,39.62,0.0,39.62,0.0,49.5,315.0,,False,315.0,2489.8050000000003,coverage-too-low,"Coverage came back 0.30 so the Limit collapsed, but the item is worth at least 315.",150.0,0.0,39.62,0.0,350.0,0.0,0.125778,0.0,0.0,False
31,18,Inspection of further furniture items stored in the (1 pcs),1.0,False,159.99999999999994,85.52359741197577,299.3325909419152,0.38077901777974715,0.425,C:model,False,True,uncovered-free-option,108.58,0.0,,0.0,inf,0.0,19.0,True,9.5,0.0,ok,Nothing obviously wrong with this item.,150.0,0.0,108.58,0.0,150.0,0.0,,,16.842105,False
32,1,Speaker system (1 pcs),1.0,False,459.06900238188666,258.33426201074036,815.7816439351698,0.34951136485680523,0.98,B:memory|C:model,True,True,priced,318.01,206.58,318.01,171.03,inf,171.03,278.5,True,224.765,0.0,charge-above-t,"Charged 318 against t < 278, so every opponent owed us nothing.",542.5,35.0,318.01,206.58,735.0,35.0,1.859381,1.207858,2.04244,False
32,2,Shipping (1 pcs),1.0,False,35.0,10.0,80.0,0.6320491008145397,0.02,C:model,False,True,uncovered-free-option,19.8,0.0,19.8,0.0,inf,0.0,13.49,True,6.745,0.0,ok,Nothing obviously wrong with this item.,150.0,0.0,19.8,0.0,150.0,0.0,,,5.189029,False
32,3,Installation (1 pcs),1.0,False,330.07919999231535,185.7471667498386,586.5622618852763,0.34951136485680523,0.02,B:memory|C:model,True,True,uncovered-free-option,228.65,0.0,228.65,0.0,inf,0.0,46.04,True,23.02,0.0,ok,Nothing obviously wrong with this item.,150.0,0.0,228.65,0.0,150.0,0.0,,,14.338801,False
32,4,TV set (1 pcs),1.0,False,646.96484571172,364.0698568116265,1149.6791172232608,0.34951136485680523,0.98,B:memory|C:model,True,True,priced,448.17,291.13,448.17,0.0,304.05,513.01,536.23,True,524.62,3302.85,ok,Nothing obviously wrong with this item.,735.0,35.0,448.17,291.13,595.0,35.0,0.873609,0.567494,1.233207,False
32,5,Property and liability damage to electronics (1 pcs),1.0,False,0.0,0.0,0.0,0.42136606720969316,0.05,C:model,False,True,uncovered-free-option,39.62,0.0,39.62,0.0,inf,0.0,39.62,True,19.81,0.0,ok,Nothing obviously wrong with this item.,150.0,0.0,39.62,0.0,402.5,0.0,,,0.0,False
32,6,Property and liability damage to electronics - service (1 pcs),1.0,False,0.0,0.0,0.0,0.42136606720969316,0.0,C:model,False,True,uncovered-free-option,39.62,0.0,39.62,0.0,inf,0.0,32.13,True,16.065,0.0,ok,Nothing obviously wrong with this item.,150.0,0.0,39.62,0.0,150.0,0.0,,,0.0,False
32,7,Vehicle costs (1 pcs),1.0,False,0.0,0.0,0.0,0.42136606720969316,0.05,B:memory|C:model,True,True,uncovered-free-option,39.62,0.0,,0.0,inf,0.0,20.0,True,10.0,0.0,ok,Nothing obviously wrong with this item.,150.0,0.0,39.62,0.0,150.0,13.33,,,0.0,False
33,1,Damage assessment and inspection (1 flat rate),1.0,False,354.96478698597673,183.4954123565518,686.6656685409004,0.40111180946288183,0.975,C:model,False,True,priced,237.65,159.73,237.65,137.0,173.35,535.5,,False,535.5,5591.16,charge-far-below-t,Charged 238 against t >= 536; the difference was forfeited from every opponent.,315.0,0.0,237.65,159.73,332.5,0.0,0.443791,0.298282,0.662866,False
33,2,Indoor leak detection incl. measurement technician (1 flat rate),1.0,False,561.2486080160911,278.624974975196,1130.5519184992017,0.42571261824511464,0.98,C:model,False,True,priced,369.54,252.56,369.54,50.0,312.38,836.78,,False,836.78,9916.155,charge-far-below-t,Charged 370 against t >= 837; the difference was forfeited from every opponent.,490.0,35.0,369.54,252.56,455.0,35.0,0.441621,0.301824,0.670724,False
33,3,"Floor covering removal incl. linoleum and skirting, (1 flat rate)",1.0,False,1624.807680927191,756.5225347687558,3489.651502326971,0.46468839913830057,0.935,C:model,False,True,priced,1041.32,708.0,1041.32,460.75,inf,0.0,50.0,True,25.0,0.0,coverage-too-high,Coverage came back 0.94 but the item is worth about nothing (t < 50).,2450.0,35.0,1041.32,708.0,2695.0,35.0,,,64.992307,False
33,4,Catering for work crew (3 pcs),3.0,False,0.0,0.0,0.0,0.42136606720969316,0.08,C:model,False,True,uncovered-free-option,39.62,0.0,,0.0,inf,0.0,,False,0.0,0.0,ok,Nothing obviously wrong with this item.,150.0,4.89,39.62,0.0,450.0,15.0,,,,False
33,5,"Technical drying (large-area, cavity and borehole) incl. (1 flat rate)",1.0,False,3666.0605559646738,2002.897729025629,6710.277716745085,0.3674909854505825,0.975,C:model,False,True,priced,2509.89,708.0,2000.0,297.0,inf,0.0,50.0,True,25.0,0.0,coverage-too-high,Coverage came back 0.97 but the item is worth about nothing (t < 50).,8225.0,35.0,2509.89,708.0,2205.0,35.0,,,146.642422,False
33,6,"Electricity for drying equipment (separately metered)2,412.1kWh",1.0,False,0.0,0.0,0.0,0.42136606720969316,0.02,C:model,False,True,uncovered-free-option,39.62,0.0,,0.0,inf,0.0,,False,0.0,0.0,ok,Nothing obviously wrong with this item.,361815.0,0.0,39.62,0.0,361815.0,0.0,,,,False
34,1,Profipress elbow 90° copper 15mm (4 pcs),4.0,False,53.81728404199493,30.28487718464111,95.6351925747816,0.3495113648568051,0.9199999999999999,B:memory|C:model,True,True,priced,37.28,24.22,37.28,24.0,26.96,38.82,43.48,True,41.15,239.20499999999998,ok,Nothing obviously wrong with this item.,600.0,21.85,37.28,24.22,,,0.96033,0.623905,1.307832,False
34,2,Profipress elbow 90° copper 28mm (5 pcs),5.0,False,116.72224788006876,65.68371118476985,207.41950941004757,0.3495113648568053,0.75,B:memory|C:model,True,True,priced,80.86,52.53,80.86,50.68,53.0,92.04,138.84,True,115.44,754.6800000000001,ok,Nothing obviously wrong with this item.,750.0,35.0,80.86,52.53,,,0.878531,0.57073,1.011107,False
34,3,Profipress elbow 45° copper 28mm (1 pcs),1.0,False,24.19379321865353,13.614697755571923,42.99321518668386,0.34951136485680523,0.75,B:memory|C:model,True,True,priced,16.76,10.89,16.76,10.72,11.5,21.04,27.77,True,24.405,138.465,ok,Nothing obviously wrong with this item.,150.0,13.19,16.76,10.89,,,0.796578,0.517586,0.991346,False
34,4,Grub screw (8 pcs),8.0,False,9.930979003124948,5.588510917760167,17.64769639208945,0.34951136485680523,0.9,B:memory|C:model,True,True,priced,6.88,4.47,6.88,3.94,5.5,9.0,18.35,True,13.675,62.565,ok,Nothing obviously wrong with this item.,1200.0,1.0,6.88,4.47,,,0.764444,0.496667,0.726214,False
34,5,Two-screw pipe clamp 10 mm (4 pcs),4.0,False,16.733200530681508,8.674730348570248,32.27766037086662,0.3993802796189125,0.89,C:model,False,True,priced,11.22,7.53,11.22,7.2,7.6,16.93,49.5,True,33.215,173.865,ok,Nothing obviously wrong with this item.,600.0,8.89,11.22,7.53,,,0.662729,0.444773,0.503784,False
34,6,Two-screw pipe clamp 25 mm (4 pcs),4.0,False,127.19725116440642,71.57836368576439,226.03395594245507,0.34951136485680523,0.825,B:memory|C:model,True,True,priced,88.11,57.24,88.11,49.5,inf,18.86,49.5,True,34.18,0.0,charge-above-t,"Charged 88 against t < 50, so every opponent owed us nothing.",600.0,11.04,88.11,57.24,,,4.671792,3.034995,3.721394,False
34,7,Copper pipe 15x1 (6.4 m),6.4,False,96.61864686560388,54.37070833577795,171.69470856419545,0.34951136485680523,0.9450000000000001,B:memory|C:model,True,True,priced,66.93,43.48,66.93,38.4,43.9,115.16,,False,115.16,1411.845,ok,Nothing obviously wrong with this item.,960.0,35.0,66.93,43.48,,,0.581191,0.377562,0.838995,False
34,8,Service technician hours (6.75 hrs),6.75,False,515.9341357876395,290.33427115162567,916.8329712337786,0.34951136485680523,0.955,B:memory|C:model,True,True,priced,357.4,232.17,357.4,0.0,267.3,629.0,,False,629.0,8138.37,ok,Nothing obviously wrong with this item.,1012.5,0.0,357.4,232.17,,,0.568203,0.36911,0.820245,False
34,9,Helper hours (5.75 hrs),5.75,False,337.0003199562508,189.64192420219152,598.8613336865889,0.34951136485680523,0.915,B:memory|C:model,True,True,priced,233.45,151.65,233.45,144.21,212.35,350.69,,False,350.69,5441.025,ok,Nothing obviously wrong with this item.,862.5,35.0,233.45,151.65,,,0.665688,0.432433,0.960964,False
34,10,Rock wool pipe insulation (6 pcs),6.0,False,56.6795479272028,31.895573669545715,100.72153542419214,0.34951136485680523,0.915,B:memory|C:model,True,True,priced,39.26,25.51,39.26,0.0,29.99,68.44,222.36,True,145.4,825.63,ok,Nothing obviously wrong with this item.,900.0,35.0,39.26,25.51,,,0.573641,0.372735,0.389818,False
34,11,Rock wool mat (6 pcs),6.0,False,88.31760866327845,41.96175691622161,185.88354190157054,0.45238957597043256,0.8,C:model,False,True,priced,57.09,39.74,57.09,36.0,40.9,73.33,218.42,True,145.875,803.01,ok,Nothing obviously wrong with this item.,900.0,11.67,57.09,39.74,,,0.778535,0.541934,0.605433,False
34,12,Binding wire (2 kg),2.0,False,20.149800808477146,11.339001096813654,35.806899492707466,0.34951136485680523,0.815,B:memory|C:model,True,True,priced,13.96,9.07,13.96,7.85,9.67,21.26,,False,21.26,245.775,ok,Nothing obviously wrong with this item.,300.0,3.33,13.96,9.07,,,0.656632,0.426623,0.94778,False
34,13,Small parts and consumables (1 pcs),1.0,False,71.96218446691041,40.495650371695795,127.87931409219112,0.3495113648568051,0.8999999999999999,B:memory|C:model,True,True,priced,49.85,32.38,49.85,28.56,32.59,43.67,49.5,True,46.585,227.37,charge-above-t,"Charged 50 against t < 50, so every opponent owed us nothing.",150.0,20.78,49.85,32.38,,,1.141516,0.74147,1.54475,False
34,14,Vehicle costs (1 pcs),1.0,False,80.99486892937021,45.578659380098195,143.9307097248749,0.3495113648568051,0.95,B:memory|C:model,True,True,priced,56.11,36.45,56.11,33.73,45.0,82.0,85.5,True,83.75,916.56,ok,Nothing obviously wrong with this item.,150.0,35.0,56.11,36.45,,,0.684268,0.444512,0.967103,False
34,15,Vehicle costs – return visit (1 pcs),1.0,False,80.99486892937021,45.578659380098195,143.9307097248749,0.3495113648568051,0.015,B:memory|C:model,True,True,uncovered-free-option,56.11,0.0,56.11,0.0,inf,0.0,21.44,True,10.72,0.0,ok,Nothing obviously wrong with this item.,150.0,35.0,56.11,0.0,,,,,7.555492,False
34,16,Construction waste disposal (1 pcs),1.0,False,86.49293662335886,48.67261530576993,153.70096796186598,0.3495113648568051,0.91,B:memory|C:model,True,True,priced,59.92,38.92,59.92,0.0,40.43,54.0,59.08,True,56.54,566.7,charge-above-t,"Charged 60 against t < 59, so every opponent owed us nothing.",150.0,35.0,59.92,38.92,,,1.10963,0.720741,1.529765,False
34,17,Catering for work crew (1 pcs),1.0,False,77.13624310270762,39.990058318828325,148.7869798178964,0.39935706266071913,0.01,C:model,False,True,uncovered-free-option,51.7,0.0,,0.0,inf,0.0,9.77,True,4.885,0.0,ok,Nothing obviously wrong with this item.,150.0,35.0,51.7,0.0,,,,,15.790428,False
34,18,Processing flat fee (1 pcs),1.0,False,47.434164902525694,23.534902569314504,95.60269023308456,0.4260536246660319,0.01,C:model,False,True,uncovered-free-option,31.22,0.0,31.22,0.0,inf,0.0,7.94,True,3.97,0.0,ok,Nothing obviously wrong with this item.,150.0,35.0,31.22,0.0,,,,,11.948152,False
34,19,Removal of water-damaged floor tiles around leak (8 m²),8.0,False,395.22145690739006,258.3831065471744,604.528686442903,0.258360404596967,0.97,C:model,False,True,priced,289.99,177.85,289.99,104.29,193.48,319.12,476.59,True,397.855,3961.5,ok,Nothing obviously wrong with this item.,1200.0,35.0,289.99,177.85,,,0.908718,0.557314,0.993381,False
34,20,Supply and lay replacement floor tiles (water-damaged (8 m²),8.0,False,954.9869109050654,708.3742908049016,1287.4549681408184,0.1815957575663645,0.96,C:model,False,True,priced,733.7,429.74,733.7,360.0,473.04,876.72,,False,876.72,10008.81,ok,Nothing obviously wrong with this item.,1200.0,35.0,733.7,429.74,,,0.836869,0.490168,1.089272,False
34,21,Tile adhesive and grout (1 flat rate),1.0,False,153.70426148939396,89.87832415215443,262.85536833113827,0.3261845437263288,0.96,C:model,False,True,priced,108.09,69.17,108.09,67.47,76.86,92.0,104.14,True,98.07,736.71,charge-above-t,"Charged 108 against t < 104, so every opponent owed us nothing.",150.0,35.0,108.09,69.17,,,1.174891,0.751848,1.567291,False
34,22,Installation hours – tiler (6 hrs),6.0,False,540.0000000000002,426.01034799570766,684.490415249111,0.14413708359528088,0.96,C:model,False,True,priced,423.97,243.0,423.97,237.6,243.59,482.95,,False,482.95,6761.58,ok,Nothing obviously wrong with this item.,900.0,0.0,423.97,243.0,,,0.877876,0.503158,1.118128,False
34,23,"Cleaning, disinfection and re-coating of surrounding (5 hrs)",5.0,False,449.5553358597802,328.3336396848553,615.5324206011347,0.19102046573981216,0.01,C:model,False,True,uncovered-free-option,343.48,0.0,343.48,0.0,inf,0.0,50.0,True,25.0,0.0,ok,Nothing obviously wrong with this item.,750.0,0.0,343.48,0.0,,,,,17.982213,False
34,24,Construction waste disposal (1 pcs),1.0,False,88.41002363644591,49.751427545687264,157.1076985121503,0.3495113648568051,0.89,B:memory|C:model,True,True,priced,61.24,39.78,61.24,34.49,inf,0.0,34.0,True,17.0,0.0,coverage-too-high,Coverage came back 0.89 but the item is worth about nothing (t < 34).,150.0,35.0,61.24,39.78,,,,,5.20059,False
34,25,Vehicle costs (1 pcs),1.0,False,80.99486892937021,45.578659380098195,143.9307097248749,0.3495113648568051,0.95,B:memory|C:model,True,True,priced,56.11,36.45,56.11,33.73,45.0,72.17,,False,72.17,912.465,ok,Nothing obviously wrong with this item.,150.0,35.0,56.11,36.45,,,0.77747,0.505058,1.122279,False
35,1,Indoor leak detection (1 pcs),1.0,False,416.2160981521788,234.21942669892513,739.63053706774,0.34951136485680523,0.96,B:memory|C:model,True,True,priced,288.32,187.3,288.32,157.2,290.65,476.31,776.72,True,626.515,3299.46,ok,Nothing obviously wrong with this item.,245.0,35.0,288.32,187.3,297.5,35.0,0.60532,0.393231,0.664335,False
35,2,Skilled worker hours (8 hrs),8.0,False,644.1657351271305,362.49469890855624,1144.7049999938138,0.34951136485680523,0.88,B:memory|C:model,True,True,priced,446.23,289.87,446.23,0.0,351.0,705.36,,False,705.36,10213.23,ok,Nothing obviously wrong with this item.,1200.0,35.0,446.23,289.87,1200.0,35.0,0.632627,0.410953,0.913244,False
35,3,Leak tracing and locating the defect,1.0,True,59.0,29.5,118.0,0.42136606720969316,0.05,A:no-quantity|C:model,False,True,uncovered-free-option,38.96,0.0,38.96,0.0,inf,0.0,38.96,True,19.48,0.0,ok,Nothing obviously wrong with this item.,150.0,35.0,38.96,0.0,150.0,0.0,,,3.028747,False
35,4,Material for the work (1 pcs),1.0,False,69.75352804921027,39.25276178034802,123.954454530838,0.34951136485680523,0.82,B:memory|C:model,True,True,priced,48.32,31.39,48.32,28.0,33.0,116.55,125.69,True,121.12,751.5,charge-far-below-t,Charged 48 against t >= 117; the difference was forfeited from every opponent.,150.0,26.67,48.32,31.39,210.0,35.0,0.414586,0.269326,0.575904,False
35,5,Vehicle costs (1 pcs),1.0,False,78.19117957301566,44.000924841230976,138.94845585815054,0.3495113648568051,0.87,B:memory|C:model,True,True,priced,54.16,35.19,54.16,34.47,50.68,81.79,91.7,True,86.745,908.73,ok,Nothing obviously wrong with this item.,150.0,35.0,54.16,35.19,150.0,35.0,0.662184,0.430248,0.901391,False
35,6,Room drying 30 m² (1 pcs),1.0,False,348.9096139026836,196.34370246811193,620.0245647985125,0.34951136485680523,0.92,B:memory|C:model,True,True,priced,241.7,157.01,241.7,15.85,197.0,441.34,560.79,True,501.06499999999994,4045.44,ok,Nothing obviously wrong with this item.,4500.0,35.0,241.7,157.01,4500.0,35.0,0.54765,0.355757,0.696336,False
35,7,Room dryer unit (1 pcs),1.0,False,250.0,140.0,430.0,0.34107683467425653,0.88,C:model,False,True,priced,174.13,112.5,174.13,72.0,162.0,359.19,,False,359.19,3639.48,charge-far-below-t,Charged 174 against t >= 359; the difference was forfeited from every opponent.,280.0,35.0,174.13,112.5,315.0,35.0,0.484785,0.313205,0.69601,False
35,8,Room drying 50 m² (1 pcs),1.0,False,419.05209892569053,235.81534400783892,744.6702094507866,0.3495113648568051,0.18,B:memory|C:model,True,True,uncovered-free-option,290.29,0.0,290.29,0.0,8.22,346.91,360.0,True,353.45500000000004,2559.84,coverage-too-low,"Coverage came back 0.18 so the Limit collapsed, but the item is worth at least 347.",7500.0,35.0,290.29,0.0,7500.0,35.0,0.836788,0.0,1.185588,False
35,9,Room dryer unit (1 pcs),1.0,False,250.0,140.0,430.0,0.34107683467425653,0.18,C:model,False,True,uncovered-free-option,174.13,0.0,174.13,0.0,24.0,24.0,45.35,True,34.675,36.0,coverage-too-low,"Coverage came back 0.18 so the Limit collapsed, but the item is worth at least 24.",280.0,35.0,174.13,0.0,157.5,0.0,7.255417,0.0,7.209805,False
35,10,Drying fan (1 pcs),1.0,False,100.94334782789988,56.80436956255469,179.3798531551931,0.34951136485680523,0.78,B:memory|C:model,True,True,priced,69.93,45.42,69.93,44.3,inf,0.0,28.18,True,14.09,0.0,coverage-too-high,Coverage came back 0.78 but the item is worth about nothing (t < 28).,150.0,35.0,69.93,45.42,150.0,0.0,,,7.164184,False
35,11,Wet insulation wool from basement (1 pcs),1.0,False,106.69988083938911,60.04377300636737,189.60941328474684,0.34951136485680523,0.18,B:memory|C:model,True,True,uncovered-free-option,73.91,0.0,73.91,0.0,33.0,197.2,,False,197.2,1748.07,coverage-too-low,"Coverage came back 0.18 so the Limit collapsed, but the item is worth at least 197.",150.0,35.0,73.91,0.0,227.5,35.0,0.374797,0.0,0.541074,False
35,12,Profipress elbow 90° copper 28mm model 01 (5 pcs),5.0,False,18.0,8.0,35.0,0.4486038054132455,0.72,C:model,False,True,priced,11.67,8.1,11.67,0.0,21.17,96.0,,False,96.0,1013.37,charge-far-below-t,Charged 12 against t >= 96; the difference was forfeited from every opponent.,150.0,4.67,11.67,8.1,150.0,6.67,0.121563,0.084375,0.1875,False
35,13,Profipress elbow 45° copper 28mm model 02 (5 pcs),5.0,False,18.0,8.0,40.0,0.4891908548431916,0.55,C:model,False,True,uncovered-free-option,11.34,0.0,11.34,0.0,21.17,96.0,,False,96.0,862.14,coverage-too-low,"Coverage came back 0.55 so the Limit collapsed, but the item is worth at least 96.",150.0,4.67,11.34,0.0,150.0,6.67,0.118125,0.0,0.1875,False
35,14,Transition piece 15x19mm (3 pcs),3.0,False,12.0,5.0,28.0,0.5236372637510953,0.7,C:model,False,True,priced,7.37,5.01,7.37,0.0,12.7,68.1,,False,68.1,503.01,charge-far-below-t,Charged 7 against t >= 68; the difference was forfeited from every opponent.,150.0,2.0,7.37,5.01,150.0,18.48,0.108223,0.073568,0.176211,False
35,15,Skilled worker hours (10.5 hrs),10.5,False,816.4676878518924,459.4550634054233,1450.8915852734656,0.34951136485680523,0.88,B:memory|C:model,True,True,priced,565.58,367.41,565.58,268.38,461.0,629.41,709.2,True,669.3050000000001,3451.05,ok,Nothing obviously wrong with this item.,750.0,35.0,565.58,367.41,1200.0,35.0,0.898588,0.583737,1.219874,False
35,16,Vehicle costs (2 pcs),2.0,False,97.61709343252737,54.93256931023941,173.46898297070112,0.34951136485680523,0.85,B:memory|C:model,True,True,priced,67.62,43.93,67.62,41.1,53.0,164.52,,False,164.52,1548.075,charge-far-below-t,Charged 68 against t >= 165; the difference was forfeited from every opponent.,300.0,35.0,67.62,43.93,150.0,35.0,0.411014,0.267019,0.593345,False
35,17,Vehicle costs (2 pcs),2.0,False,97.61709343252737,54.93256931023941,173.46898297070112,0.34951136485680523,0.05,B:memory|C:model,True,True,uncovered-free-option,67.62,0.0,67.62,0.0,inf,0.0,41.1,True,20.55,0.0,ok,Nothing obviously wrong with this item.,150.0,35.0,67.62,0.0,150.0,0.0,,,4.750224,False
35,18,Skilled worker hours 14 –,1.0,False,1120.0,840.0,1540.0,0.1842358065563269,0.9,C:model,False,True,priced,859.15,504.0,859.15,18.12,607.0,1099.5,,False,1099.5,13149.54,ok,Nothing obviously wrong with this item.,2100.0,35.0,859.15,504.0,1800.0,35.0,0.781401,0.45839,1.018645,False
35,19,Material costs (1 pcs),1.0,False,174.09815793111085,97.97115229563892,309.37850463921956,0.34951136485680523,0.83,B:memory|C:model,True,True,priced,120.6,78.34,120.6,71.0,inf,0.0,33.0,True,16.5,0.0,coverage-too-high,Coverage came back 0.83 but the item is worth about nothing (t < 33).,350.0,35.0,120.6,78.34,290.5,35.0,,,10.551404,False
35,20,Vehicle costs (1 pcs),1.0,False,78.19117957301566,44.000924841230976,138.94845585815054,0.3495113648568051,0.83,B:memory|C:model,True,True,priced,54.16,35.19,54.16,29.07,51.91,81.79,,False,81.79,994.485,ok,Nothing obviously wrong with this item.,150.0,35.0,54.16,35.19,150.0,35.0,0.662184,0.430248,0.955999,False
36,1,Disassembly and assembly service (1 pcs),1.0,False,180.0,90.0,360.0,0.42136606720969316,0.11499999999999999,C:model,False,True,uncovered-free-option,118.87,0.0,118.87,0.0,inf,0.0,87.61,True,43.805,0.0,ok,Nothing obviously wrong with this item.,210.0,0.0,118.87,0.0,192.5,0.0,,,4.10912,False
36,2,Construction dryer (7 days),7.0,False,724.5688373094717,452.5535633623832,1160.0836729675796,0.28612197117371135,0.5,C:model,False,True,uncovered-free-option,522.59,0.0,,0.0,inf,0.0,75.0,True,37.5,0.0,ok,Nothing obviously wrong with this item.,2100.0,35.0,522.59,0.0,1050.0,35.0,,,19.321836,False
36,3,Rock wool pipe insulation (1 pcs),1.0,False,46.68713442566234,26.272491400359456,82.96466778365921,0.34951136485680523,0.44999999999999996,B:memory|C:model,True,True,uncovered-free-option,32.34,0.0,,0.0,inf,0.0,,False,0.0,0.0,ok,Nothing obviously wrong with this item.,150.0,6.67,32.34,0.0,150.0,10.0,,,,False
36,4,Construction waste disposal (1 flat rate),1.0,False,86.99186698112699,48.95338095341774,154.58758462593485,0.3495113648568051,0.39,B:memory|C:model,True,True,uncovered-free-option,60.26,0.0,60.26,0.0,inf,0.0,33.0,True,16.5,0.0,ok,Nothing obviously wrong with this item.,150.0,13.33,60.26,0.0,150.0,33.33,,,5.272234,False
36,5,Wall tile covering (2.78 m²),2.78,False,259.99999999999994,134.9073756323204,501.0845380629043,0.39884084771008166,0.04,C:model,False,True,uncovered-free-option,174.34,0.0,174.34,0.0,inf,0.0,50.0,True,25.0,0.0,ok,Nothing obviously wrong with this item.,416.99999999999994,35.0,174.34,0.0,150.0,26.67,,,10.4,False
36,6,Wall levelling material (1 pcs),1.0,False,34.99999999999999,16.201851746019646,75.60864148142502,0.4682203771875833,0.04,C:model,False,True,uncovered-free-option,22.38,0.0,22.38,0.0,inf,0.0,13.0,True,6.5,0.0,ok,Nothing obviously wrong with this item.,150.0,5.0,22.38,0.0,150.0,8.33,,,5.384615,False
36,7,Rough renovation (2.78 m²),2.78,False,239.99999999999997,119.99999999999999,479.99999999999994,0.42136606720969316,0.04,C:model,False,True,uncovered-free-option,158.49,0.0,158.49,0.0,inf,0.0,50.0,True,25.0,0.0,ok,Nothing obviously wrong with this item.,416.99999999999994,35.0,158.49,0.0,150.0,26.67,,,9.6,False
36,8,Silicone joints 3.6 linear m,1.0,False,70.00000000000003,32.40370349203931,151.21728296285013,0.4682203771875833,0.04,C:model,False,True,uncovered-free-option,44.75,0.0,44.75,0.0,inf,0.0,19.0,True,9.5,0.0,ok,Nothing obviously wrong with this item.,540.0,8.33,44.75,0.0,540.0,13.33,,,7.368421,False
36,9,Vehicle costs (1 pcs),1.0,False,77.1364914887112,43.40741478828329,137.07423831179355,0.3495113648568051,0.16499999999999998,B:memory|C:model,True,True,uncovered-free-option,53.43,0.0,53.43,0.0,inf,0.0,24.08,True,12.04,0.0,ok,Nothing obviously wrong with this item.,150.0,6.67,53.43,0.0,150.0,10.0,,,6.406685,False
36,10,Skilled worker hours (14 hrs),14.0,False,1063.433576387514,598.4314487105747,1889.7585911051985,0.34951136485680523,0.15000000000000002,B:memory|C:model,True,True,uncovered-free-option,736.66,0.0,736.66,0.0,inf,0.0,404.54,True,202.27,0.0,ok,Nothing obviously wrong with this item.,2100.0,35.0,736.66,0.0,900.0,35.0,,,5.257495,False
37,1,Indoor leak detection (1 pcs),1.0,False,487.11379771880485,274.1160540050039,865.6182243295581,0.3495113648568053,0.965,B:memory|C:model,True,True,priced,337.43,219.2,337.43,203.63,256.0,557.08,,False,557.08,6320.1900000000005,ok,Nothing obviously wrong with this item.,220.5,35.0,337.43,219.2,332.5,35.0,0.605712,0.39348,0.874405,False
37,2,Room drying 30 m² (basement) (1 pcs),1.0,False,446.6560432155458,251.34905362383526,793.7233821438543,0.3495113648568051,0.965,B:memory|C:model,True,True,priced,309.41,201.0,309.41,92.75,238.0,454.85,518.09,True,486.47,4909.695,ok,Nothing obviously wrong with this item.,735.0,35.0,309.41,201.0,4500.0,35.0,0.680246,0.441904,0.918157,False
37,3,Room dryer unit (1 pcs),1.0,False,272.99248293066614,153.62246469803443,485.1171726943629,0.34951136485680523,0.9,B:memory|C:model,True,True,priced,189.11,122.85,189.11,81.0,211.65,472.77,,False,472.77,4477.8,charge-far-below-t,Charged 189 against t >= 473; the difference was forfeited from every opponent.,1575.0,35.0,189.11,122.85,315.0,35.0,0.400004,0.259852,0.577432,False
37,4,Wet insulation wool from basement (1 pcs),1.0,False,175.86122532218326,98.96329228109803,312.5115369441563,0.3495113648568051,0.915,B:memory|C:model,True,True,priced,121.82,79.14,121.82,43.72,89.58,201.7,259.45,True,230.575,2136.48,ok,Nothing obviously wrong with this item.,2100.0,35.0,121.82,79.14,332.5,35.0,0.603966,0.392365,0.762707,False
37,5,Room drying 50 m² in the adjoining ground-floor room (1 pcs),1.0,False,652.3802572120039,379.0653105131122,1122.761667175236,0.3300420030484572,0.9299999999999999,C:model,False,True,priced,457.63,293.57,457.63,92.75,295.57,353.46,360.0,True,356.73,1935.945,charge-above-t,"Charged 458 against t < 360, so every opponent owed us nothing.",150.0,35.0,457.63,293.57,7500.0,35.0,1.294715,0.830561,1.828779,False
37,6,Room dryer unit (1 pcs),1.0,False,272.99248293066614,153.62246469803443,485.1171726943629,0.34951136485680523,0.89,B:memory|C:model,True,True,priced,189.11,122.85,189.11,81.0,inf,0.0,43.72,True,21.86,0.0,coverage-too-high,Coverage came back 0.89 but the item is worth about nothing (t < 44).,150.0,35.0,189.11,122.85,315.0,35.0,,,12.48822,False
37,7,Drying fan (1 pcs),1.0,False,88.97583245539694,50.06982805394308,158.11316053655622,0.34951136485680523,0.845,B:memory|C:model,True,True,priced,61.64,40.04,61.64,39.3,inf,0.0,20.89,True,10.445,0.0,coverage-too-high,Coverage came back 0.84 but the item is worth about nothing (t < 21).,150.0,35.0,61.64,40.04,150.0,26.67,,,8.51851,False
37,8,Room drying in a first-floor bedroom,1.0,True,59.0,29.5,118.0,0.42136606720969316,0.0,A:no-quantity|C:model,False,True,uncovered-free-option,38.96,0.0,38.96,0.0,inf,0.0,38.96,True,19.48,0.0,ok,Nothing obviously wrong with this item.,150.0,35.0,38.96,0.0,150.0,0.0,,,3.028747,False
37,9,Profipress elbow 90° copper 28mm model 01 (5 pcs),5.0,False,70.23962507831612,39.52630566291931,124.81826592184561,0.34951136485680523,0.92,B:memory|C:model,True,True,priced,48.66,31.61,48.66,26.0,36.71,111.1,152.13,True,131.615,1358.7749999999999,charge-far-below-t,Charged 49 against t >= 111; the difference was forfeited from every opponent.,750.0,35.0,48.66,31.61,750.0,35.0,0.437984,0.284518,0.533675,False
37,10,Profipress elbow 45° copper 28mm model 02 (5 pcs),5.0,False,67.13878560502981,37.781354309661054,119.30796592343216,0.34951136485680523,0.92,B:memory|C:model,True,True,priced,46.51,30.21,46.51,26.0,33.01,111.1,131.17,True,121.13499999999999,1313.28,charge-far-below-t,Charged 47 against t >= 111; the difference was forfeited from every opponent.,750.0,35.0,46.51,30.21,750.0,35.0,0.418632,0.271917,0.554248,False
37,11,Transition piece 15x19mm (3 pcs),3.0,False,51.555405953680165,29.012038888717615,91.61575624670779,0.34951136485680523,0.9,B:memory|C:model,True,True,priced,35.71,23.2,35.71,9.0,23.54,75.0,156.57,True,115.785,776.61,charge-far-below-t,Charged 36 against t >= 75; the difference was forfeited from every opponent.,450.0,35.0,35.71,23.2,450.0,35.0,0.476133,0.309333,0.445268,False
37,12,Skilled worker hours (10.5 hrs),10.5,False,886.4933759667401,498.86097922000243,1575.329677742407,0.34951136485680523,0.965,B:memory|C:model,True,True,priced,614.09,398.92,614.09,87.45,496.62,620.87,711.38,True,666.125,2571.735,ok,Nothing obviously wrong with this item.,1575.0,35.0,614.09,398.92,1575.0,35.0,0.98908,0.642518,1.330821,False
37,13,Vehicle costs (2 pcs),2.0,False,86.72021167171336,48.80051096325384,154.10484365726273,0.3495113648568051,0.835,B:memory|C:model,True,True,priced,60.07,39.02,60.07,0.0,45.49,165.62,,False,165.62,2080.86,charge-far-below-t,Charged 60 against t >= 166; the difference was forfeited from every opponent.,300.0,35.0,60.07,39.02,300.0,35.0,0.362698,0.2356,0.52361,False
37,14,Skilled worker hours 14 –,1.0,False,1239.3546707863734,882.269032981345,1740.9655587815214,0.2065951737344248,0.95,C:model,False,True,priced,938.23,557.71,938.23,483.7,751.06,1008.79,,False,1008.79,14366.19,ok,Nothing obviously wrong with this item.,150.0,35.0,938.23,557.71,2100.0,35.0,0.930055,0.55285,1.228556,False
37,15,Premium large-format designer floor tiles (upgrade (5 pcs),5.0,False,220.00000000000009,123.62932712878366,391.4928692411482,0.35035851365908366,0.11499999999999999,C:model,False,True,uncovered-free-option,152.31,0.0,152.31,0.0,43.72,488.69,675.0,True,581.845,3753.795,coverage-too-low,"Coverage came back 0.11 so the Limit collapsed, but the item is worth at least 489.",750.0,35.0,152.31,0.0,750.0,35.0,0.31167,0.0,0.378108,False
37,16,Standard tiling material (1 pcs),1.0,False,47.434164902525694,22.249678578301978,101.12505634999212,0.46019160182999347,0.915,C:model,False,True,priced,30.5,21.35,30.5,0.0,inf,0.0,30.5,True,15.25,0.0,coverage-too-high,Coverage came back 0.92 but the item is worth about nothing (t < 30).,150.0,35.0,30.5,21.35,332.5,35.0,,,3.110437,False
37,17,Vehicle costs (1 pcs),1.0,False,74.26698769134543,41.79264415035456,131.9750298857236,0.3495113648568053,0.8400000000000001,B:memory|C:model,True,True,priced,51.45,33.42,51.45,26.57,44.0,81.79,,False,81.79,1044.6000000000001,ok,Nothing obviously wrong with this item.,150.0,35.0,51.45,33.42,150.0,35.0,0.62905,0.408607,0.90802,False
38,1,Leak detection and moisture measurement for the (1 flat rate),1.0,False,620.0000000000002,440.97752377030326,871.6997562901342,0.20712800632120182,0.98,C:model,False,True,priced,469.21,279.0,469.21,263.96,306.31,795.0,,False,795.0,6993.3150000000005,ok,Nothing obviously wrong with this item.,210.0,35.0,469.21,279.0,,,0.590201,0.350943,0.779874,False
38,2,"Freeing, repair and re-insulation of the leaking kitchen (1 flat rate)",1.0,False,684.1052550594828,332.23065882191213,1408.6598800349286,0.4390773886179851,0.97,C:model,False,True,priced,446.32,307.85,446.32,306.59999999999997,329.63,521.76,561.78,True,541.77,4274.235,ok,Nothing obviously wrong with this item.,542.5,35.0,446.32,307.85,,,0.855412,0.590022,1.262723,False
38,3,Vehicle costs (1 pcs),1.0,False,66.59681377171765,37.47636771099536,118.34486305468705,0.34951136485680523,0.515,B:memory|C:model,True,True,uncovered-free-option,46.13,0.0,46.13,0.0,33.3,71.21,140.18,True,105.695,1018.26,coverage-too-low,"Coverage came back 0.52 so the Limit collapsed, but the item is worth at least 71.",150.0,35.0,46.13,0.0,,,0.647802,0.0,0.630085,False
38,4,"Drying of the kitchen floor and wall base, incl. (2 pcs)",2.0,False,798.1227975693964,417.42093702466735,1526.037492370337,0.39402268286654246,0.975,C:model,False,True,priced,536.89,359.16,536.89,328.28,374.85,431.94,491.04,True,461.49,1840.845,charge-above-t,"Charged 537 against t < 491, so every opponent owed us nothing.",385.0,35.0,536.89,359.16,,,1.242974,0.831504,1.729448,False
39,1,"Floor cleaning, washing machine connection check, (4 pcs)",4.0,False,388.84444190447147,232.3371206961864,650.7784875139055,0.31306379816773927,0.98,C:model,False,True,priced,275.74,174.98,275.74,140.51,230.4,423.0,454.24,True,438.62,2825.865,ok,Nothing obviously wrong with this item.,735.0,35.0,275.74,174.98,787.5,35.0,0.651868,0.413664,0.886518,False
39,2,Moisture measurement and drying of the utility room (1 flat rate),1.0,False,520.0,367.6955262170047,735.3910524340093,0.21068303360484655,0.98,C:model,False,True,priced,392.7,234.0,392.7,0.0,296.72,554.82,709.72,True,632.27,4736.5199999999995,ok,Nothing obviously wrong with this item.,420.0,35.0,392.7,234.0,577.5,35.0,0.707797,0.421758,0.822433,False
39,3,Assessment and drying of a small framed decorative (2 pcs),2.0,False,338.2306905057553,136.45315507549674,838.3829596076753,0.5518217686935449,0.495,C:model,False,True,uncovered-free-option,203.51,0.0,203.51,0.0,67.68,300.0,,False,300.0,2571.12,coverage-too-low,"Coverage came back 0.49 so the Limit collapsed, but the item is worth at least 300.",150.0,20.0,203.51,0.0,182.0,35.0,0.678367,0.0,1.127436,False
40,1,Cleaning of affected floor areas in the utility room and (1 pcs),1.0,False,169.70562748477138,89.68876519865782,321.1104527552463,0.38767162338173894,0.97,C:model,False,True,priced,114.64,76.37,114.64,0.0,80.0,98.77,109.56,True,104.16499999999999,666.7950000000001,charge-above-t,"Charged 115 against t < 110, so every opponent owed us nothing.",210.0,35.0,114.64,76.37,175.0,35.0,1.160676,0.77321,1.6292,False
40,2,Inspection of the washing machine and supply/drain (1 pcs),1.0,False,220.00000000000009,123.62932712878366,391.4928692411482,0.35035851365908366,0.955,C:model,False,True,priced,152.31,99.0,152.31,91.38,112.0,135.0,152.31,True,143.655,1464.3,ok,Nothing obviously wrong with this item.,150.0,0.0,152.31,99.0,150.0,0.0,1.128222,0.733333,1.531447,False
40,3,Removal and disposal of water-damaged skirting (1 pcs),1.0,False,164.92422502470643,91.92834314653736,295.88263063375507,0.355305003901951,0.935,C:model,False,True,priced,113.82,74.22,113.82,67.89,inf,67.89,86.74,True,77.315,0.0,charge-above-t,"Charged 114 against t < 87, so every opponent owed us nothing.",154.0,35.0,113.82,74.22,203.0,35.0,1.676536,1.093239,2.133147,False
40,4,Replace skirting boards (1 pcs),1.0,False,244.95663971208302,137.84571037538785,435.2965005267863,0.34951136485680523,0.94,B:memory|C:model,True,True,priced,169.69,169.69,169.69,126.0,inf,111.53,126.0,True,118.765,0.0,charge-above-t,"Charged 170 against t < 126, so every opponent owed us nothing.",304.5,35.0,169.69,169.69,367.5,35.0,1.521474,1.521474,2.062532,False
40,5,Moisture measurement of the utility room and hallway (1 pcs),1.0,False,520.0,350.5987126303898,771.2521189005696,0.23962705835822115,0.965,C:model,False,True,priced,385.93,234.0,,221.91,inf,108.0,148.78,True,128.39,0.0,estimate-too-high,Estimated 520 against t < 149.,150.0,35.0,385.93,234.0,150.0,35.0,,2.166667,4.05016,False
40,6,Drying of the affected floor area (1 pcs),1.0,False,336.55002522480345,189.38852753081486,598.0611442284257,0.34951136485680523,0.975,B:memory|C:model,True,True,priced,233.13,233.13,233.13,225.0,inf,233.13,248.59,True,240.86,0.0,ok,Nothing obviously wrong with this item.,364.0,35.0,233.13,233.13,315.0,35.0,1.0,1.0,1.397285,False
40,7,Drying unit rental (1 pcs),1.0,False,100.31234609915236,56.44928271269614,178.25854105410863,0.34951136485680523,0.895,B:memory|C:model,True,True,priced,69.49,69.49,69.49,53.0,inf,53.0,69.49,True,61.245,0.0,ok,Nothing obviously wrong with this item.,150.0,35.0,69.49,69.49,150.0,35.0,1.311132,1.311132,1.637886,False
40,8,Skilled worker hours (4 hrs),4.0,False,327.3407462657357,184.2061425926074,581.6959340101234,0.34951136485680523,0.9450000000000001,B:memory|C:model,True,True,priced,226.76,226.76,226.76,216.0,inf,216.0,226.76,True,221.38,0.0,ok,Nothing obviously wrong with this item.,600.0,35.0,226.76,226.76,600.0,35.0,1.049815,1.049815,1.478637,False
40,9,Transport of the high-value painting to the specialist (1 pcs),1.0,False,180.0,92.68952147582031,349.55407562927286,0.403465909815106,0.95,C:model,False,True,priced,120.32,81.0,120.32,41.25,108.24,156.44,177.75,True,167.095,1385.835,ok,Nothing obviously wrong with this item.,164.5,35.0,120.32,81.0,420.0,35.0,0.769113,0.51777,1.077232,False
40,10,Professional assessment of the high-value painting (1 pcs),1.0,False,437.13453281883403,245.99096508202612,776.8033257604486,0.34951136485680523,0.985,B:memory|C:model,True,True,priced,302.81,302.81,302.81,300.0,310.0,455.18,540.0,True,497.59000000000003,2709.5699999999997,ok,Nothing obviously wrong with this item.,255.5,35.0,302.81,302.81,420.0,35.0,0.665253,0.665253,0.878503,False
40,11,Conservatory drying and stabilisation of the painting (1 pcs),1.0,False,777.046980008802,437.27164562781826,1380.8396112075443,0.34951136485680523,0.975,B:memory|C:model,True,True,priced,538.28,538.28,538.28,530.0,559.42,900.0,1162.4,True,1031.2,10361.279999999999,ok,Nothing obviously wrong with this item.,402.5,35.0,538.28,538.28,840.0,35.0,0.598089,0.598089,0.753537,False
40,12,Full restoration of the painting (1 pcs),1.0,False,2665.1698082426715,1499.7847207573584,4736.09979382998,0.34951136485680523,0.98,B:memory|C:model,True,True,priced,1846.22,708.0,1846.22,408.36,720.0,2136.75,2879.8,True,2508.275,11931.66,ok,Nothing obviously wrong with this item.,1890.0,35.0,1846.22,708.0,1995.0,35.0,0.864032,0.331344,1.062551,False
40,13,Return transport and rehanging of the restored (1 flat rate),1.0,False,259.99999999999994,127.42446702198065,530.5103609995011,0.4335306124488324,0.965,C:model,False,True,priced,170.28,117.0,170.28,41.25,117.12,187.37,250.0,True,218.685,1631.94,ok,Nothing obviously wrong with this item.,280.0,35.0,170.28,117.0,420.0,35.0,0.90879,0.624433,1.188925,False
41,1,Translation from Spanish to English (2 hrs),2.0,False,139.99999999999994,84.42317648177378,232.1637353248779,0.30747748075333736,0.015,C:model,False,True,uncovered-free-option,99.63,0.0,99.63,0.0,inf,0.0,27.0,True,13.5,0.0,ok,Nothing obviously wrong with this item.,300.0,20.0,99.63,0.0,300.0,26.67,,,10.37037,False
41,2,Material costs (1 pcs),1.0,False,90.675,58.98491216403672,139.3908259477404,0.26139817629179335,0.0,B:memory|C:model,True,True,uncovered-free-option,66.41,0.0,,0.0,inf,0.0,1.0,True,0.5,0.0,ok,Nothing obviously wrong with this item.,150.0,0.0,66.41,0.0,150.0,0.0,,,181.35,False
41,3,Compensation for robbery damage (1 pcs),1.0,False,5523.664522371174,3108.3601606248826,9815.744694645771,0.34951136485680523,0.955,B:memory|C:model,True,True,priced,3826.35,708.0,3826.35,72.0,1164.78,11130.9,,False,11130.9,81672.72,charge-far-below-t,Charged 3826 against t >= 11131; the difference was forfeited from every opponent.,150.0,35.0,3826.35,708.0,10500.0,35.0,0.343759,0.063607,0.496246,False
41,4,Shipping (1 pcs),1.0,False,0.0,0.0,0.0,0.42136606720969316,0.0,C:model,False,True,uncovered-free-option,39.62,0.0,,0.0,inf,0.0,4.0,True,2.0,0.0,ok,Nothing obviously wrong with this item.,150.0,0.0,39.62,0.0,150.0,0.0,,,0.0,False
42,1,Drying fan,1.0,False,100.0,80.0,125.0,0.1356495752669968,0.95,C:model,False,True,priced,78.9,45.0,60.53,0.0,56.93,98.91,120.06,True,109.485,695.565,ok,Nothing obviously wrong with this item.,,,,,,,0.61197,0.454959,0.913367,True
42,2,Nor this,1.0,False,,,,,,,False,False,uninformed-constants,300.0,35.0,60.53,0.0,57.07,101.32,106.75,True,104.035,710.745,no-decision-log,Strategy 2 did not record this item; it may not have landed.,,,,,,,0.597414,0.34544,,True
43,1,Laptop screen crack repair (1 pcs),1.0,False,636.8673331236266,345.7968307559097,1172.9430808066152,0.3712522537295023,0.98,C:model,False,True,priced,434.94,286.59,434.94,271.95,297.01,434.94,,False,434.94,2529.165,ok,Nothing obviously wrong with this item.,220.5,35.0,434.94,286.59,220.5,35.0,1.0,0.658918,1.464265,False
43,2,Lower-right corner and housing repair (1 pcs),1.0,False,339.41125496954277,179.37753039731564,642.2209055104926,0.38767162338173894,0.97,C:model,False,True,priced,229.29,152.74,229.29,149.08,157.96,229.29,,False,229.29,498.9,ok,Nothing obviously wrong with this item.,150.0,35.0,229.29,152.74,150.0,35.0,1.0,0.666143,1.480271,False
43,3,"Polish of pre-existing lid scuff (surface only, does not",1.0,True,97.0,48.5,194.0,0.42136606720969316,0.0,A:no-quantity|C:model,False,True,uncovered-free-option,64.06,0.0,64.06,0.0,inf,0.0,8.0,True,4.0,0.0,ok,Nothing obviously wrong with this item.,150.0,0.0,64.06,0.0,150.0,6.67,,,24.25,False
43,4,Diagnostic inspection (1 pcs),1.0,False,139.99999999999994,82.60656216949928,237.26928569891348,0.3207010942775972,0.975,C:model,False,True,priced,98.8,63.0,98.8,62.06,66.2,111.99,,False,111.99,570.705,ok,Nothing obviously wrong with this item.,150.0,0.0,98.8,63.0,150.0,0.0,0.882222,0.56255,1.250112,False
44,1,Compensation for stolen watch (1 pcs),1.0,False,6839.961661581986,3849.086823241062,12154.850664687468,0.34951136485680523,0.925,B:memory|C:model,True,True,priced,4738.18,4738.18,4738.18,4500.0,5285.0,9361.36,,False,9361.36,54534.840000000004,estimate-too-low,"Estimated 6840 against a proven floor of t >= 9361; the Charge and the Limit are both taken from that median, so both landed low.",43750.0,35.0,4738.18,4738.18,6125.0,35.0,0.506142,0.506142,0.730659,False
44,2,Compensation for stolen diamond ring (1 pcs),1.0,False,4183.3001326703825,1442.3935054020535,12132.611478392702,0.647292735684484,0.925,C:model,False,True,priced,2337.29,708.0,2000.0,0.0,inf,0.0,883.86,True,441.93,0.0,coverage-too-high,Coverage came back 0.93 but the item is worth about nothing (t < 884).,10500.0,35.0,2337.29,708.0,4620.0,35.0,,,9.465979,False
44,3,Compensation for stolen gold necklace (1 pcs),1.0,False,2121.3203435596424,689.027432687906,6530.944613403032,0.6835944631776875,0.925,C:model,False,True,priced,1150.57,708.0,1150.57,694.0,inf,0.0,662.89,True,331.445,0.0,coverage-too-high,Coverage came back 0.93 but the item is worth about nothing (t < 663).,3150.0,35.0,1150.57,708.0,3080.0,35.0,,,6.400218,False
44,4,Compensation for cash taken in robbery (1 pcs),1.0,False,434.38760562913507,244.44517260929064,771.921940245513,0.3495113648568051,0.475,B:memory|C:model,True,True,uncovered-free-option,300.91,0.0,300.91,0.0,14.0,557.12,,False,557.12,7440.69,coverage-too-low,"Coverage came back 0.47 so the Limit collapsed, but the item is worth at least 557.",175.0,35.0,300.91,0.0,717.5,35.0,0.540117,0.0,0.779702,False
44,5,Compensation for stolen mobile phone (1 pcs),1.0,False,674.5368781616022,280.8376792474001,1620.152969570633,0.532674468366534,0.92,C:model,False,True,priced,411.67,303.54,411.67,223.0,404.69,442.75,510.0,True,476.375,1924.56,ok,Nothing obviously wrong with this item.,525.0,35.0,411.67,303.54,665.0,35.0,0.929802,0.685579,1.415979,False
44,6,Replacement travel and extra hotel nights after the,1.0,True,97.0,48.5,194.0,0.42136606720969316,0.0,A:no-quantity|C:model,False,True,uncovered-free-option,64.06,0.0,64.06,0.0,inf,0.0,1.0,True,0.5,0.0,ok,Nothing obviously wrong with this item.,150.0,0.0,64.06,0.0,980.0,35.0,,,194.0,False
44,7,Shipping (1 pcs),1.0,False,0.0,0.0,0.0,0.42136606720969316,0.0,C:model,False,True,uncovered-free-option,39.62,0.0,39.62,0.0,inf,0.0,1.0,True,0.5,0.0,ok,Nothing obviously wrong with this item.,150.0,0.0,39.62,0.0,150.0,0.0,,,0.0,False
44,8,Translation from Spanish to English (2 hrs),2.0,False,0.0,0.0,0.0,0.42136606720969316,0.0,C:model,False,True,uncovered-free-option,39.62,0.0,39.62,0.0,inf,0.0,39.62,True,19.81,0.0,ok,Nothing obviously wrong with this item.,300.0,20.0,39.62,0.0,300.0,26.67,,,0.0,False
44,9,Notary certification of translated documents,1.0,True,97.0,48.5,194.0,0.42136606720969316,0.0,A:no-quantity|C:model,False,True,uncovered-free-option,64.06,0.0,64.06,0.0,inf,0.0,37.0,True,18.5,0.0,ok,Nothing obviously wrong with this item.,150.0,6.67,64.06,0.0,150.0,10.0,,,5.243243,False
44,10,Material costs (1 pcs),1.0,False,90.675,58.98491216403672,139.3908259477404,0.26139817629179335,0.0,B:memory|C:model,True,True,uncovered-free-option,66.41,0.0,66.41,0.0,inf,0.0,1.0,True,0.5,0.0,ok,Nothing obviously wrong with this item.,150.0,0.0,66.41,0.0,150.0,1.67,,,181.35,False
44,11,Administrative and claim-processing fee (1 flat rate),1.0,False,0.0,0.0,0.0,0.42136606720969316,0.0,C:model,False,True,uncovered-free-option,39.62,0.0,39.62,0.0,inf,0.0,1.0,True,0.5,0.0,ok,Nothing obviously wrong with this item.,150.0,0.0,39.62,0.0,150.0,16.67,,,0.0,False
45,1,Clean / dry carpet (1 pcs),1.0,False,319.99999999999994,178.0561816291876,575.099381908874,0.3563658773077105,0.915,C:model,False,True,priced,220.68,144.0,220.68,144.0,148.78,243.76,,False,243.76,1888.095,ok,Nothing obviously wrong with this item.,220.5,35.0,220.68,144.0,192.5,35.0,0.905317,0.590745,1.312767,False
45,2,Inspect electrical systems (1 pcs),1.0,False,348.711915483254,188.21484179576197,646.0701974393295,0.374870540053906,0.735,C:model,False,True,priced,237.58,156.92,237.58,154.23,160.16,270.0,,False,270.0,2303.61,ok,Nothing obviously wrong with this item.,154.0,35.0,237.58,156.92,332.5,35.0,0.879926,0.581185,1.291526,False
45,3,Inspect pool technology (1 pcs),1.0,False,571.3142742834278,305.1820761077043,1069.5254589093474,0.38117378826742376,0.915,C:model,False,True,priced,387.62,257.09,387.62,254.96,270.0,387.62,,False,387.62,1324.8,ok,Nothing obviously wrong with this item.,210.0,35.0,387.62,257.09,280.0,35.0,1.0,0.663253,1.473903,False
45,4,Upgrade to high-quality natural stone floor (12 m²),12.0,False,815.9428913631635,459.1597419767967,1449.9590035916588,0.34951136485680523,0.065,B:memory|C:model,True,True,uncovered-free-option,565.22,0.0,565.22,0.0,inf,0.0,270.0,True,135.0,0.0,ok,Nothing obviously wrong with this item.,1800.0,0.0,565.22,0.0,1800.0,35.0,,,6.044021,False
45,5,Pool filter system maintenance (1 pcs),1.0,False,366.60605559646694,178.85998615390616,751.4257542452831,0.43628240366601,0.5,C:model,False,True,uncovered-free-option,239.64,0.0,239.64,0.0,108.0,240.0,315.0,True,277.5,2404.785,coverage-too-low,"Coverage came back 0.50 so the Limit collapsed, but the item is worth at least 240.",304.5,0.0,239.64,0.0,210.0,0.0,0.9985,0.0,1.321103,False
45,6,Restore wall surfaces (10 m²),10.0,False,794.8780258192917,447.3058017926482,1412.5260021180416,0.3495113648568051,0.91,B:memory|C:model,True,True,priced,550.63,550.63,550.63,540.0,586.5,596.21,634.4,True,615.3050000000001,1774.065,ok,Nothing obviously wrong with this item.,1500.0,35.0,550.63,550.63,1500.0,35.0,0.92355,0.92355,1.291844,False
45,7,Final site cleaning (1 pcs),1.0,False,137.7377969191204,77.50989923838551,244.7648737328951,0.34951136485680523,0.955,B:memory|C:model,True,True,priced,95.41,95.41,95.41,93.08,108.51,194.66,,False,194.66,2500.56,charge-far-below-t,Charged 95 against t >= 195; the difference was forfeited from every opponent.,150.0,35.0,95.41,95.41,297.5,35.0,0.490137,0.490137,0.707581,False
45,8,Vehicle costs (1 pcs),1.0,False,74.28720511728211,41.80402120648776,132.01095695742998,0.34951136485680523,0.15,B:memory|C:model,True,True,uncovered-free-option,51.46,0.0,51.46,0.0,22.0,22.0,30.28,True,26.14,33.0,coverage-too-low,"Coverage came back 0.15 so the Limit collapsed, but the item is worth at least 22.",150.0,0.0,51.46,0.0,150.0,33.33,2.339091,0.0,2.841898,False
45,9,Leak detection pool pipeline (1 pcs),1.0,False,471.6098645785715,265.39144592808077,838.0671938766695,0.3495113648568053,0.9,B:memory|C:model,True,True,priced,326.69,326.69,326.69,310.0,327.41,481.95,,False,481.95,4802.91,estimate-too-low,"Estimated 472 against a proven floor of t >= 482; the Charge and the Limit are both taken from that median, so both landed low.",315.0,35.0,326.69,326.69,385.0,35.0,0.67785,0.67785,0.978545,False
45,10,Repair pool supply pipe connection (1 pcs),1.0,False,773.3045971672486,318.65215578559736,1876.6544934419348,0.5389501090319541,0.91,C:model,False,True,priced,469.76,347.99,469.76,325.0,inf,325.0,407.92,True,366.46000000000004,0.0,charge-above-t,"Charged 470 against t < 408, so every opponent owed us nothing.",245.0,35.0,469.76,347.99,332.5,35.0,1.445415,1.070738,2.110202,False
45,11,Skilled worker hours (5 hrs),5.0,False,415.06065552504157,233.56921852362134,737.5772751812955,0.34951136485680523,0.265,B:memory|C:model,True,True,uncovered-free-option,287.52,0.0,287.52,0.0,152.29,357.53,382.5,True,370.015,3180.81,coverage-too-low,"Coverage came back 0.27 so the Limit collapsed, but the item is worth at least 358.",750.0,35.0,287.52,0.0,750.0,35.0,0.804184,0.0,1.12174,False
45,12,Material for pool pipe repair (1 pcs),1.0,False,84.85281374238568,29.803567525430623,241.58181713838184,0.6360425839134224,0.47500000000000003,C:model,False,True,uncovered-free-option,47.84,0.0,47.84,0.0,27.0,112.42,180.0,True,146.21,1336.815,coverage-too-low,"Coverage came back 0.48 so the Limit collapsed, but the item is worth at least 112.",150.0,35.0,47.84,0.0,175.0,35.0,0.425547,0.0,0.580349,False
45,13,Moisture measurement (1 pcs),1.0,False,245.07504281422368,137.9123399623401,435.50690697289826,0.34951136485680523,0.9,B:memory|C:model,True,True,priced,169.77,169.77,169.77,164.55,180.0,218.58,270.0,True,244.29000000000002,894.87,ok,Nothing obviously wrong with this item.,150.0,35.0,169.77,169.77,150.0,35.0,0.776695,0.776695,1.003214,False
45,14,Vacuum water (1 pcs),1.0,False,147.43622227971326,82.96754404819737,261.99931418345153,0.3495113648568051,0.95,B:memory|C:model,True,True,priced,102.13,102.13,102.13,100.89,109.35,270.0,334.04,True,302.02,2587.725,charge-far-below-t,Charged 102 against t >= 270; the difference was forfeited from every opponent.,168.0,35.0,102.13,102.13,332.5,35.0,0.378259,0.378259,0.488167,False
45,15,Room drying (pool/conservatory) (1 pcs),1.0,False,557.2096747445931,313.5614675866183,990.1810449436282,0.34951136485680523,0.955,B:memory|C:model,True,True,priced,385.99,385.99,385.99,347.04,459.0,620.59,922.69,True,771.6400000000001,4934.235000000001,estimate-too-low,"Estimated 557 against a proven floor of t >= 621; the Charge and the Limit are both taken from that median, so both landed low.",542.5,35.0,385.99,385.99,665.0,35.0,0.621973,0.621973,0.722111,False
45,16,Condensation dryer (2 pcs),2.0,False,119.85319596173129,67.44560571015406,212.98331345667665,0.34951136485680523,0.94,B:memory|C:model,True,True,priced,83.02,83.02,83.02,41.8,inf,83.02,149.03,True,116.025,0.0,ok,Nothing obviously wrong with this item.,300.0,35.0,83.02,83.02,420.0,35.0,1.0,1.0,1.032995,False
45,17,Drying fan (3 pcs),3.0,False,129.1733171607233,72.69036547241164,229.5454942049726,0.34951136485680523,0.94,B:memory|C:model,True,True,priced,89.48,89.48,89.48,81.0,inf,55.0,77.92,True,66.46000000000001,0.0,charge-above-t,"Charged 89 against t < 78, so every opponent owed us nothing.",450.0,35.0,89.48,89.48,450.0,35.0,1.626909,1.626909,1.943625,False
45,18,Replace skirting boards (15 m),15.0,False,1343.547466393628,756.0613794578709,2387.530752790318,0.34951136485680523,0.8200000000000001,B:memory|C:model,True,True,priced,930.7,930.7,930.7,530.4,inf,233.87,337.5,True,285.685,0.0,charge-above-t,"Charged 931 against t < 338, so every opponent owed us nothing.",2250.0,0.0,930.7,930.7,2250.0,35.0,3.979561,3.979561,4.702898,False
46,1,Remove and transport rug (1 pcs),1.0,False,56.5,36.75376385186738,86.85505008047791,0.26139817629179335,0.9,B:memory,True,False,priced,41.38,41.38,41.38,40.12,45.0,56.15,63.51,True,59.83,298.65,ok,Nothing obviously wrong with this item.,150.0,0.0,41.38,41.38,,,0.736955,0.736955,0.944342,False
46,2,Premium smart LED lighting system above billiard (1 pcs),1.0,False,,,,,,,False,False,uninformed-constants,300.0,35.0,300.0,28.8,45.0,765.0,,False,765.0,6453.045,no-evidence,No channel priced this item; the fitted constants were used.,192.5,35.0,300.0,35.0,,,0.392157,0.045752,,False
46,3,Specialist rug cleaning (1 pcs),1.0,False,200.16,130.20590039981903,307.697465913424,0.26139817629179335,0.9,B:memory,True,False,priced,146.59,146.59,146.59,145.35,148.78,198.0,223.72,True,210.86,970.3050000000001,ok,Nothing obviously wrong with this item.,150.0,35.0,146.59,146.59,,,0.740354,0.740354,0.949255,False
46,4,Electrical inspection of robot vacuum cleaner (1 pcs),1.0,False,124.8625,81.22419183989011,191.94581753404728,0.2613981762917933,0.9,B:memory,True,False,priced,91.45,91.45,91.45,81.96,105.27,116.66,136.16,True,126.41,651.27,ok,Nothing obviously wrong with this item.,150.0,0.0,91.45,91.45,,,0.783902,0.783902,0.987758,False
46,5,Replacement robot vacuum cleaner (total loss) (1 pcs),1.0,False,,,,,,,False,False,uninformed-constants,300.0,35.0,,0.0,inf,0.0,45.0,True,22.5,0.0,no-evidence,No channel priced this item; the fitted constants were used.,297.5,35.0,300.0,35.0,,,,,,False
46,6,Disassemble billiard table (1 pcs),1.0,False,367.575,239.11088049292306,565.0574342182596,0.26139817629179335,0.9,B:memory,True,False,priced,269.2,269.2,269.2,257.06,297.0,352.91,389.51,True,371.21000000000004,1928.79,ok,Nothing obviously wrong with this item.,280.0,35.0,269.2,269.2,,,0.762801,0.762801,0.990208,False
46,7,Inspect billiard table for moisture damage (1 pcs),1.0,False,200.0,130.1018189446633,307.4515047096563,0.26139817629179335,0.9,B:memory,True,False,priced,146.47,146.47,146.47,135.88,166.0,228.91,275.53,True,252.21999999999997,1419.945,estimate-too-low,"Estimated 200 against a proven floor of t >= 229; the Charge and the Limit are both taken from that median, so both landed low.",150.0,35.0,146.47,146.47,,,0.639858,0.639858,0.792959,False
46,8,Replace billiard cloth with premium tournament-grade (1 pcs),1.0,False,,,,,,,False,False,uninformed-constants,300.0,35.0,300.0,0.0,45.0,546.39,585.0,True,565.6949999999999,7056.885,no-evidence,No channel priced this item; the fitted constants were used.,297.5,35.0,300.0,35.0,,,0.549058,0.064057,,False
46,9,Replace old cue sets with premium hand-crafted cues (1 pcs),1.0,False,,,,,,,False,False,uninformed-constants,300.0,35.0,300.0,23.04,45.0,45.0,108.0,True,76.5,67.5,no-evidence,No channel priced this item; the fitted constants were used.,150.0,35.0,300.0,35.0,,,6.666667,0.777778,,False
46,10,Align and reassemble billiard table (1 pcs),1.0,False,428.59,278.8016929074662,658.8532020175579,0.26139817629179335,0.9,B:memory,True,False,priced,313.89,313.89,313.89,297.0,368.23,410.14,,False,410.14,2343.3,ok,Nothing obviously wrong with this item.,332.5,35.0,313.89,313.89,,,0.765324,0.765324,1.044985,False
46,11,Restore plasterboard ceiling (8 m²),8.0,False,585.32,380.7559833234517,899.7875736832802,0.26139817629179335,0.9,B:memory,True,False,priced,428.67,428.67,428.67,0.0,432.0,570.23,576.0,True,573.115,6106.185,ok,Nothing obviously wrong with this item.,1200.0,35.0,428.67,428.67,,,0.751749,0.751749,1.021296,False
46,12,Fill ceiling and wall surfaces (15 m²),15.0,False,356.115,231.65604626739386,547.4404629983962,0.26139817629179335,0.9,B:memory,True,False,priced,260.81,260.81,260.81,95.04,273.0,317.87,370.11,True,343.99,2253.555,ok,Nothing obviously wrong with this item.,2250.0,35.0,260.81,260.81,,,0.820493,0.820493,1.035248,False
46,13,Final site cleaning (1 pcs),1.0,False,144.015,92.79,221.38814225380574,0.2643096004415224,0.9,B:memory,True,False,priced,105.28,105.28,105.28,96.0,inf,88.99,94.5,True,91.745,0.0,charge-above-t,"Charged 105 against t < 94, so every opponent owed us nothing.",175.0,35.0,105.28,105.28,,,1.183054,1.183054,1.569731,False
46,14,Drying fan (3 pcs),3.0,False,70.72999999999999,46.010508269780175,108.73022464056993,0.2613981762917933,0.9,B:memory,True,False,priced,51.8,51.8,51.8,0.0,56.0,62.7,76.5,True,69.6,178.05,ok,Nothing obviously wrong with this item.,450.0,35.0,51.8,51.8,,,0.826156,0.826156,1.016236,False
46,15,Control measurement during drying (2 pcs),2.0,False,203.185,132.17369041135706,312.3476699221576,0.2613981762917934,0.9,B:memory,True,False,priced,148.81,148.81,148.81,142.56,151.0,173.41,203.67,True,188.54,975.03,ok,Nothing obviously wrong with this item.,300.0,35.0,148.81,148.81,,,0.85814,0.85814,1.077676,False
46,16,Final measurement (1 pcs),1.0,False,116.7025,75.91603762694784,179.40179614189333,0.2613981762917934,0.9,B:memory,True,False,priced,85.47,85.47,85.47,83.0,93.5,114.26,,False,114.26,608.085,ok,Nothing obviously wrong with this item.,150.0,35.0,85.47,85.47,,,0.748031,0.748031,1.021377,False
46,17,Remove floor covering in guest WC (5 m²),5.0,False,157.525,102.47144514629043,242.15649139694304,0.26139817629179335,0.9,B:memory,True,False,priced,115.37,115.37,115.37,112.5,124.0,148.78,177.64,True,163.20999999999998,817.905,ok,Nothing obviously wrong with this item.,750.0,35.0,115.37,115.37,,,0.77544,0.77544,0.965168,False
46,18,Remove skirting boards (12 m),12.0,False,121.6452,79.13130892943678,186.9999989035354,0.26139817629179335,0.9,B:memory,True,False,priced,89.09,89.09,89.09,86.06,91.98,125.26,132.31,True,128.785,955.32,estimate-too-low,"Estimated 122 against a proven floor of t >= 125; the Charge and the Limit are both taken from that median, so both landed low.",1800.0,35.0,89.09,89.09,,,0.711241,0.711241,0.94456,False
46,19,Insulation layer drying (1 pcs),1.0,False,638.02,415.0378126153704,980.8010451742746,0.26139817629179335,0.9,B:memory,True,False,priced,467.27,467.27,467.27,450.0,481.0,544.0,592.15,True,568.075,1537.5,ok,Nothing obviously wrong with this item.,542.5,35.0,467.27,467.27,,,0.858952,0.858952,1.123126,False
46,20,Condensation dryer (2 pcs),2.0,False,86.92,56.54225051335067,133.61842394681662,0.26139817629179335,0.9,B:memory,True,False,priced,63.66,63.66,63.66,41.8,93.0,114.75,139.09,True,126.92,311.625,estimate-too-low,"Estimated 87 against a proven floor of t >= 115; the Charge and the Limit are both taken from that median, so both landed low.",595.0,35.0,63.66,63.66,,,0.554771,0.554771,0.684841,False
46,21,Side channel compressor (1 pcs),1.0,False,97.26,63.26851455278977,149.51366674030587,0.26139817629179335,0.9,B:memory,True,False,priced,71.23,71.23,71.23,70.0,85.0,85.0,108.0,True,96.5,127.5,ok,Nothing obviously wrong with this item.,700.0,35.0,71.23,71.23,,,0.838,0.838,1.007876,False
46,22,Remove damaged parquet (5 m²),5.0,False,170.49499999999998,110.90854810485183,262.0947214773642,0.26139817629179335,0.9,B:memory,True,False,priced,124.87,124.87,124.87,112.5,135.0,144.5,231.44,True,187.97,829.08,ok,Nothing obviously wrong with this item.,750.0,35.0,124.87,124.87,,,0.864152,0.864152,0.907033,False
46,23,Supply and install premium solid oak parquet (upgrade (12 m),12.0,False,,,,,,,False,False,uninformed-constants,300.0,35.0,300.0,0.0,108.0,108.0,193.05,True,150.525,162.0,no-evidence,No channel priced this item; the fitted constants were used.,750.0,0.0,300.0,35.0,,,2.777778,0.324074,,False
46,24,"Supply and install skirting boards (premium solid oak, (1 pcs)",1.0,False,,,,,,,False,False,uninformed-constants,300.0,35.0,300.0,32.26,45.0,378.82,,False,378.82,3798.195,no-evidence,No channel priced this item; the fitted constants were used.,1800.0,0.0,300.0,35.0,,,0.791933,0.092392,,False
46,25,Open water-damaged ceiling surface (2 pcs),2.0,False,124.11,80.73468374611082,190.7890312475772,0.26139817629179335,0.9,B:memory,True,False,priced,90.89,90.89,90.89,45.0,102.0,102.0,123.75,True,112.875,153.0,ok,Nothing obviously wrong with this item.,300.0,35.0,90.89,90.89,,,0.891078,0.891078,1.099535,False
46,26,Leak detection / cause investigation (1 pcs),1.0,False,411.675,267.79833157022136,632.8504910067388,0.26139817629179335,0.9,B:memory,True,False,priced,301.5,301.5,301.5,296.87,304.0,372.0,437.28,True,404.64,2071.215,ok,Nothing obviously wrong with this item.,297.5,35.0,301.5,301.5,,,0.810484,0.810484,1.017386,False
46,27,Moisture measurement of multiple rooms (1 pcs),1.0,False,251.745,163.76241205112132,386.99689526566215,0.26139817629179335,0.9,B:memory,True,False,priced,184.37,184.37,184.37,164.0,194.78,225.0,,False,225.0,1564.17,ok,Nothing obviously wrong with this item.,150.0,35.0,184.37,184.37,,,0.819422,0.819422,1.118867,False
46,28,Inspect and disassemble toilet cistern (1 pcs),1.0,False,123.095,80.07441701496664,189.22871486117572,0.2613981762917934,0.9,B:memory,True,False,priced,90.15,90.15,90.15,87.33,94.0,112.39,164.71,True,138.55,764.07,ok,Nothing obviously wrong with this item.,150.0,35.0,90.15,90.15,,,0.802118,0.802118,0.888452,False
46,29,Replace fill valve in toilet cistern (1 pcs),1.0,False,179.25,116.60375522915449,275.55341109602944,0.26139817629179335,0.9,B:memory,True,False,priced,131.28,131.28,131.28,117.5,inf,108.0,117.5,True,112.75,0.0,charge-above-t,"Charged 131 against t < 118, so every opponent owed us nothing.",203.0,35.0,131.28,131.28,,,1.215556,1.215556,1.5898,False
46,30,Skilled worker hours (3 hrs),3.0,False,222.00900000000001,144.4188736104288,341.28500554543047,0.26139817629179335,0.9,B:memory,True,False,priced,162.59,162.59,162.59,108.0,170.0,214.19,219.24,True,216.715,2304.195,ok,Nothing obviously wrong with this item.,450.0,35.0,162.59,162.59,,,0.759092,0.759092,1.024428,False
46,31,Vehicle costs (1 pcs),1.0,False,81.45,26.14,165.62,0.5611639207931545,0.9,B:memory,True,False,priced,48.66,48.66,48.66,47.38,inf,36.0,42.53,True,39.265,0.0,charge-above-t,"Charged 49 against t < 43, so every opponent owed us nothing.",150.0,35.0,48.66,48.66,,,1.351667,1.351667,2.074366,False
47,1,Vehicle costs (1 flat rate),1.0,False,88.78066521302144,49.960000587339685,157.76634153330986,0.34951136485680523,0.96,B:memory|C:model,True,True,priced,61.5,61.5,61.5,56.21,62.0,78.85,,False,78.85,531.93,ok,Nothing obviously wrong with this item.,150.0,35.0,61.5,61.5,150.0,35.0,0.779962,0.779962,1.125944,False
47,2,Sealing material (1 pcs),1.0,False,24.49489742783178,10.689247025844479,56.13117542791545,0.5040890834635525,0.935,C:model,False,True,priced,15.26,11.02,15.26,9.0,12.49,18.76,27.0,True,22.880000000000003,226.92,ok,Nothing obviously wrong with this item.,150.0,22.12,15.26,11.02,150.0,16.72,0.813433,0.58742,1.070581,False
47,3,Stainless steel pipe (1 m),1.0,False,38.987177379235845,19.271281343164954,78.87384201046422,0.42833850000493,0.575,C:model,False,True,uncovered-free-option,25.62,0.0,25.62,0.0,14.31,42.75,,False,42.75,602.58,coverage-too-low,"Coverage came back 0.57 so the Limit collapsed, but the item is worth at least 43.",150.0,35.0,25.62,0.0,150.0,32.23,0.599298,0.0,0.911981,False
47,4,Rock wool pipe insulation (1 m),1.0,False,39.81302413861045,22.404187945384,70.7491338193383,0.3495113648568051,0.925,B:memory|C:model,True,True,priced,27.58,27.58,27.58,26.49,33.15,33.15,38.0,True,35.575,49.724999999999994,ok,Nothing obviously wrong with this item.,150.0,21.62,27.58,27.58,150.0,16.73,0.831976,0.831976,1.119129,False
47,5,Installation (1 m),1.0,False,298.33181957748155,167.88180000173094,530.1460585453179,0.34951136485680523,0.945,B:memory|C:model,True,True,priced,206.66,206.66,206.66,180.5,inf,206.66,,False,206.66,0,ok,Nothing obviously wrong with this item.,150.0,0.0,206.66,206.66,150.0,0.0,1.0,1.0,1.443588,False
47,6,Measuring device (1 pcs),1.0,False,103.92304845413258,39.65789235659323,272.329147068363,0.5856296216872912,0.01,C:model,False,True,uncovered-free-option,60.95,0.0,,0.0,inf,0.0,8.0,True,4.0,0.0,ok,Nothing obviously wrong with this item.,150.0,35.0,60.95,0.0,150.0,35.0,,,25.980762,False
47,7,Service technician hours 9 labor units,1.0,False,816.6394553289718,645.5218118288265,1033.1176852267886,0.14294145531901026,0.935,C:model,False,True,priced,641.61,367.49,641.61,336.3,515.59,837.9,868.42,True,853.16,9345.075,estimate-too-low,"Estimated 817 against a proven floor of t >= 838; the Charge and the Limit are both taken from that median, so both landed low.",900.0,0.0,641.61,367.49,1350.0,0.0,0.765736,0.438585,0.957194,False
47,8,Vehicle costs (1 pcs),1.0,False,88.78066521302144,49.960000587339685,157.76634153330986,0.34951136485680523,0.01,B:memory|C:model,True,True,uncovered-free-option,61.5,0.0,61.5,0.0,inf,0.0,21.25,True,10.625,0.0,ok,Nothing obviously wrong with this item.,150.0,35.0,61.5,0.0,150.0,35.0,,,8.355827,False
47,9,Construction dryer flat-rate charge (1 flat rate),1.0,False,425.00000000000017,261.28496500428747,691.2950387215592,0.2957310256922968,0.945,C:model,False,True,priced,304.69,191.25,304.69,184.09,210.0,585.0,,False,585.0,2026.5,estimate-too-low,"Estimated 425 against a proven floor of t >= 585; the Charge and the Limit are both taken from that median, so both landed low.",150.0,35.0,304.69,191.25,220.5,35.0,0.520838,0.326923,0.726496,False
47,10,Short saw blade (1 pcs),1.0,False,18.708286933869704,7.192027103610531,48.66500013943126,0.5811510708217942,0.01,C:model,False,True,uncovered-free-option,11.01,0.0,11.01,0.0,inf,0.0,7.65,True,3.825,0.0,ok,Nothing obviously wrong with this item.,150.0,35.0,11.01,0.0,150.0,35.0,,,4.891055,False
47,11,Gunmetal (2 pcs),2.0,False,49.749371855331,22.912718111740467,108.01861166928995,0.471310458995059,0.94,C:model,False,True,priced,31.74,22.39,31.74,21.53,24.0,82.29,,False,82.29,613.125,charge-far-below-t,Charged 32 against t >= 82; the difference was forfeited from every opponent.,300.0,35.0,31.74,22.39,300.0,35.0,0.385709,0.272087,0.604562,False
47,12,Service technician hours 9 labor units,1.0,False,816.6394553289718,645.5218118288265,1033.1176852267886,0.14294145531901026,0.855,C:model,False,True,priced,641.61,367.49,641.61,327.44,379.44,837.9,,False,837.9,8397.914999999999,estimate-too-low,"Estimated 817 against a proven floor of t >= 838; the Charge and the Limit are both taken from that median, so both landed low.",150.0,0.0,641.61,367.49,1350.0,0.0,0.765736,0.438585,0.974626,False
47,13,Painting the disturbed wall area and closing the wall (1 pcs),1.0,False,631.6644678941506,383.08718301728334,1041.5383695622077,0.3040095761462932,0.955,C:model,False,True,priced,450.5,284.25,450.5,266.46,316.16,595.0,,False,595.0,3242.055,ok,Nothing obviously wrong with this item.,367.5,35.0,450.5,284.25,220.5,35.0,0.757143,0.477731,1.061621,False
47,14,Re-tiling of the disturbed wall section around the (1 flat rate),1.0,False,525.3570214625482,295.9589794106631,932.5616696935276,0.34884936820740975,0.935,C:model,False,True,priced,364.08,236.41,364.08,213.79,inf,0.0,66.5,True,33.25,0.0,coverage-too-high,Coverage came back 0.94 but the item is worth about nothing (t < 66).,490.0,35.0,364.08,236.41,315.0,35.0,,,15.800211,False
47,15,Re-tiling of the entire bathroom to match,1.0,True,97.0,48.5,194.0,0.42136606720969316,0.0,A:no-quantity|C:model,False,True,uncovered-free-option,64.06,0.0,,0.0,inf,0.0,,False,0.0,0.0,ok,Nothing obviously wrong with this item.,150.0,35.0,64.06,0.0,150.0,35.0,,,,False
47,16,Construction dryer flat-rate charge (1 flat rate),1.0,False,425.00000000000017,261.28496500428747,691.2950387215592,0.2957310256922968,0.01,C:model,False,True,uncovered-free-option,304.69,0.0,304.69,0.0,inf,0.0,42.75,True,21.375,0.0,ok,Nothing obviously wrong with this item.,150.0,35.0,304.69,0.0,150.0,35.0,,,19.883041,False
47,17,Vehicle costs (1 pcs),1.0,False,88.78066521302144,49.960000587339685,157.76634153330986,0.34951136485680523,0.94,B:memory|C:model,True,True,priced,61.5,61.5,61.5,58.5,62.0,69.52,,False,69.52,197.28,ok,Nothing obviously wrong with this item.,150.0,35.0,61.5,61.5,150.0,35.0,0.884638,0.884638,1.277052,False
48,1,Clean / dry conservatory rug (1 pcs),1.0,False,202.76921495401234,114.10536375110476,360.3279739132192,0.34951136485680523,0.425,B:memory|C:model,True,True,uncovered-free-option,140.46,0.0,140.46,0.0,67.5,224.68,,False,224.68,3495.015,coverage-too-low,"Coverage came back 0.42 so the Limit collapsed, but the item is worth at least 225.",220.5,35.0,140.46,0.0,,,0.625156,0.0,0.90248,False
48,2,Inspect plant-room electrical systems (1 pcs),1.0,False,295.2924210205597,166.1714236115042,524.7449412002672,0.34951136485680523,0.96,B:memory|C:model,True,True,priced,204.55,204.55,204.55,202.02,207.0,261.17,,False,261.17,2424.42,ok,Nothing obviously wrong with this item.,210.0,35.0,204.55,204.55,,,0.783206,0.783206,1.130652,False
48,3,Replace plant-room electrical components confirmed (1 flat rate),1.0,False,1022.2524150130431,455.8284091685731,2292.5293355586796,0.490970990076643,0.985,C:model,False,True,priced,643.06,460.01,643.06,382.0,507.89,536.25,609.16,True,572.7049999999999,1566.21,charge-above-t,"Charged 643 against t < 609, so every opponent owed us nothing.",997.5,35.0,643.06,460.01,,,1.199179,0.857828,1.784955,False
48,4,Preventive replacement of adjacent electrical,1.0,True,97.0,48.5,194.0,0.42136606720969316,0.0,A:no-quantity|C:model,False,True,uncovered-free-option,64.06,0.0,64.06,0.0,inf,0.0,8.0,True,4.0,0.0,ok,Nothing obviously wrong with this item.,150.0,35.0,64.06,0.0,,,,,24.25,False
48,5,Inspect pool technology (1 pcs),1.0,False,409.27602107748226,230.31400141408318,727.2977778187872,0.34951136485680523,0.5,B:memory|C:model,True,True,uncovered-free-option,283.51,0.0,283.51,0.0,inf,0.0,38.02,True,19.01,0.0,ok,Nothing obviously wrong with this item.,185.5,35.0,283.51,0.0,,,,,21.529512,False
48,6,Pool filter system maintenance (1 pcs),1.0,False,326.7206554204525,183.8571956803465,580.5940109298684,0.34951136485680523,0.475,B:memory|C:model,True,True,uncovered-free-option,226.33,0.0,226.33,0.0,inf,0.0,45.0,True,22.5,0.0,ok,Nothing obviously wrong with this item.,238.0,0.0,226.33,0.0,,,,,14.520918,False
48,7,Upgrade to high-quality natural stone floor (12 m²),12.0,False,819.0598880968181,460.91378558832486,1455.4980156058177,0.3495113648568051,0.35000000000000003,B:memory|C:model,True,True,uncovered-free-option,567.38,0.0,567.38,0.0,inf,0.0,217.86,True,108.93,0.0,ok,Nothing obviously wrong with this item.,1800.0,35.0,567.38,0.0,,,,,7.51914,False
48,8,Restore wall surfaces (10 m²),10.0,False,740.848291115789,416.90137115401757,1316.5132773008288,0.3495113648568051,0.975,B:memory|C:model,True,True,priced,513.2,513.2,513.2,511.65,522.5,596.12,675.0,True,635.56,5771.535,ok,Nothing obviously wrong with this item.,1500.0,35.0,513.2,513.2,,,0.8609,0.8609,1.165662,False
48,9,Final site cleaning (1 pcs),1.0,False,154.12026528937093,86.728889966107,273.87709196034433,0.34951136485680523,0.98,B:memory|C:model,True,True,priced,106.76,106.76,106.76,105.9,135.0,177.07,,False,177.07,2124.18,estimate-too-low,"Estimated 154 against a proven floor of t >= 177; the Charge and the Limit are both taken from that median, so both landed low.",231.0,35.0,106.76,106.76,,,0.602925,0.602925,0.870392,False
48,10,Vehicle costs (1 pcs),1.0,False,89.77432883767435,50.51917003208492,159.53211648442192,0.34951136485680523,0.935,B:memory|C:model,True,True,priced,62.19,62.19,62.19,57.97,inf,15.3,28.1,True,21.700000000000003,0.0,charge-above-t,"Charged 62 against t < 28, so every opponent owed us nothing.",150.0,35.0,62.19,62.19,,,4.064706,4.064706,4.137066,False
48,11,Catering for work crew,1.0,True,97.0,48.5,194.0,0.42136606720969316,0.0,A:no-quantity|C:model,False,True,uncovered-free-option,64.06,0.0,,0.0,inf,0.0,,False,0.0,0.0,ok,Nothing obviously wrong with this item.,150.0,35.0,64.06,0.0,,,,,,False
48,12,Leak detection pool pipeline (1 pcs),1.0,False,494.5158446697212,278.28144597551886,878.7719201765293,0.34951136485680523,0.99,B:memory|C:model,True,True,priced,342.56,342.56,342.56,339.98,350.24,456.0,,False,456.0,6578.76,ok,Nothing obviously wrong with this item.,420.0,35.0,342.56,342.56,,,0.751228,0.751228,1.084465,False
48,13,Repair pool supply pipe connection (1 pcs),1.0,False,447.1566615796596,251.63076917198018,794.61299845413,0.34951136485680523,0.5,B:memory|C:model,True,True,uncovered-free-option,309.75,0.0,309.75,0.0,inf,0.0,38.61,True,19.305,0.0,ok,Nothing obviously wrong with this item.,455.0,35.0,309.75,0.0,,,,,23.162738,False
48,14,Skilled worker hours (5 hrs),5.0,False,395.5214419725292,222.5738163353474,702.8554105588415,0.34951136485680523,0.5,B:memory|C:model,True,True,uncovered-free-option,273.99,0.0,273.99,0.0,inf,0.0,70.12,True,35.06,0.0,ok,Nothing obviously wrong with this item.,750.0,35.0,273.99,0.0,,,,,11.281273,False
48,15,Material for pool pipe repair (1 pcs),1.0,False,121.63134970898014,68.44623531845646,216.14315474322348,0.34951136485680523,0.5,B:memory|C:model,True,True,uncovered-free-option,84.26,0.0,84.26,0.0,inf,0.0,6.83,True,3.415,0.0,ok,Nothing obviously wrong with this item.,150.0,26.67,84.26,0.0,,,,,35.616793,False
48,16,Moisture measurement (1 pcs),1.0,False,282.48995611616175,158.967026656284,501.99451411426685,0.34951136485680523,0.99,B:memory|C:model,True,True,priced,195.69,195.69,195.69,195.2,207.0,218.0,244.04,True,231.01999999999998,1583.6100000000001,ok,Nothing obviously wrong with this item.,154.0,35.0,195.69,195.69,,,0.897661,0.897661,1.222794,False
48,17,Vehicle costs – return visit,1.0,True,97.0,48.5,194.0,0.42136606720969316,0.0,A:no-quantity|C:model,False,True,uncovered-free-option,64.06,0.0,,0.0,inf,0.0,,False,0.0,0.0,ok,Nothing obviously wrong with this item.,150.0,35.0,64.06,0.0,,,,,,False
48,18,Construction waste disposal (1 pcs),1.0,False,88.66963426056874,49.89751956811732,157.56903565456486,0.34951136485680523,0.955,B:memory|C:model,True,True,priced,61.42,61.42,61.42,56.54,inf,51.0,55.91,True,53.455,0.0,charge-above-t,"Charged 61 against t < 56, so every opponent owed us nothing.",238.0,35.0,61.42,61.42,,,1.204314,1.204314,1.658772,False
48,19,Vacuum water (1 pcs),1.0,False,245.6701884594843,138.24724933382805,436.5645015618435,0.3495113648568051,0.99,B:memory|C:model,True,True,priced,170.18,170.18,170.18,148.5,204.0,275.03,299.82,True,287.42499999999995,3180.495,estimate-too-low,"Estimated 246 against a proven floor of t >= 275; the Charge and the Limit are both taken from that median, so both landed low.",360.5,35.0,170.18,170.18,,,0.618769,0.618769,0.854728,False
48,20,Room drying (pool/conservatory) (1 pcs),1.0,False,647.7328778169652,364.5020554703894,1151.0439370872923,0.34951136485680523,0.99,B:memory|C:model,True,True,priced,448.7,448.7,448.7,442.0,450.0,616.5,663.0,True,639.75,4788.315,ok,Nothing obviously wrong with this item.,665.0,35.0,448.7,448.7,,,0.727818,0.727818,1.012478,False
48,21,Condensation dryer (2 pcs),2.0,False,156.7350554893692,88.20032431067106,278.5236654315056,0.3495113648568051,0.99,B:memory|C:model,True,True,priced,108.57,108.57,108.57,104.38,inf,108.57,162.85,True,135.70999999999998,0.0,ok,Nothing obviously wrong with this item.,630.0,35.0,108.57,108.57,,,1.0,1.0,1.154926,False
48,22,Drying fan (3 pcs),3.0,False,112.9362722942308,63.55320966128751,200.69169862062716,0.3495113648568051,0.99,B:memory|C:model,True,True,priced,78.23,78.23,78.23,65.71,inf,65.71,78.23,True,71.97,0.0,ok,Nothing obviously wrong with this item.,450.0,35.0,78.23,78.23,,,1.190534,1.190534,1.569213,False
48,23,Replace skirting boards (15 m),15.0,False,1351.864717280328,760.741788848672,2402.31079798215,0.34951136485680523,0.975,B:memory|C:model,True,True,priced,936.46,936.46,,688.78,inf,318.75,337.5,True,328.125,0,estimate-too-high,Estimated 1352 against t < 338.,2250.0,35.0,936.46,936.46,,,,2.937914,4.119969,False
48,24,Replace inflatable pool float (drifted and damaged),1.0,True,97.0,48.5,194.0,0.42136606720969316,0.0,A:no-quantity|C:model,False,True,uncovered-free-option,64.06,0.0,,0.0,inf,0.0,19.0,True,9.5,0.0,ok,Nothing obviously wrong with this item.,150.0,35.0,64.06,0.0,,,,,10.210526,False
48,25,Replace and refill knocked-over plant pots,1.0,True,97.0,48.5,194.0,0.42136606720969316,0.0,A:no-quantity|C:model,False,True,uncovered-free-option,64.06,0.0,64.06,0.0,inf,0.0,24.0,True,12.0,0.0,ok,Nothing obviously wrong with this item.,150.0,35.0,64.06,0.0,,,,,8.083333,False
48,26,"Repaint garage (adjacent, not water-affected) (1 flat rate)",1.0,False,1296.1481396815714,679.7463862214121,2471.5100132253974,0.3923601267635764,0.0,C:model,False,True,uncovered-free-option,872.88,0.0,,0.0,inf,0.0,,False,0.0,0.0,ok,Nothing obviously wrong with this item.,612.5,35.0,872.88,0.0,,,,,,False
48,27,Construction waste disposal,1.0,True,97.0,48.5,194.0,0.42136606720969316,0.0,A:no-quantity|C:model,False,True,uncovered-free-option,64.06,0.0,64.06,0.0,inf,0.0,11.7,True,5.85,0.0,ok,Nothing obviously wrong with this item.,150.0,35.0,64.06,0.0,,,,,16.581197,False
49,1,Filling valve (internal frost-burst fitting) (1 pcs),1.0,False,95.0,55.0,165.0,0.33392470780185707,0.98,C:model,False,True,priced,66.47,42.75,66.47,38.7,44.33,48.56,66.47,True,57.515,139.335,ok,Nothing obviously wrong with this item.,,,66.47,42.75,150.0,0.0,1.368822,0.880354,1.651743,False
49,2,Connection hose (1 pcs),1.0,False,32.0,15.0,65.0,0.4456951576879717,0.97,C:model,False,True,priced,20.78,14.4,20.78,0.0,14.41,24.8,26.72,True,25.759999999999998,170.79,ok,Nothing obviously wrong with this item.,,,20.78,14.4,150.0,35.0,0.837903,0.580645,1.242236,False
49,3,Senior installer hours (3 hrs),3.0,False,285.0,210.0,390.0,0.1881578141052351,0.98,C:model,False,True,priced,218.12,128.25,218.12,0.0,191.25,279.18,,False,279.18,4625.7300000000005,ok,Nothing obviously wrong with this item.,,,218.12,128.25,450.0,0.0,0.781288,0.459381,1.020847,False
49,4,Auxiliary and cleaning material (1 pcs),1.0,False,42.0,18.0,85.0,0.4718174767763379,0.96,C:model,False,True,priced,26.78,18.9,26.78,17.75,inf,0.0,11.76,True,5.88,0.0,coverage-too-high,Coverage came back 0.96 but the item is worth about nothing (t < 12).,,,26.78,18.9,150.0,35.0,,,7.142857,False
49,5,Vehicle costs (1 pcs),1.0,False,83.94828555855516,47.2406507176794,149.17903418259488,0.3495113648568051,0.94,B:memory|C:model,True,True,priced,58.15,58.15,58.15,53.38,inf,36.0,40.76,True,38.379999999999995,0.0,charge-above-t,"Charged 58 against t < 41, so every opponent owed us nothing.",,,58.15,58.15,150.0,0.0,1.615278,1.615278,2.187292,False
49,6,Thermal imaging camera (leak detection) (1 pcs),1.0,False,560.0,430.0,850.0,0.20712800632120185,0.98,C:model,False,True,priced,423.8,252.0,423.8,180.5,inf,0.0,102.0,True,51.0,0.0,coverage-too-high,Coverage came back 0.98 but the item is worth about nothing (t < 102).,,,423.8,252.0,150.0,35.0,,,10.980392,False
49,7,Vehicle costs – return visit,1.0,True,97.0,48.5,194.0,0.42136606720969316,0.01,A:no-quantity|C:model,False,True,uncovered-free-option,64.06,0.0,64.06,0.0,inf,0.0,12.75,True,6.375,0.0,ok,Nothing obviously wrong with this item.,,,64.06,0.0,150.0,0.0,,,15.215686,False
49,8,Facade frost damage - remove loose and spalled (2 pcs),2.0,False,420.0,220.0,780.0,0.38470102532865524,0.97,C:model,False,True,priced,284.29,189.0,284.29,169.3,221.74,299.69,,False,299.69,2751.12,ok,Nothing obviously wrong with this item.,,,284.29,189.0,420.0,35.0,0.948614,0.630652,1.401448,False
49,9,Base plaster (1 pcs),1.0,False,280.0,140.0,560.0,0.42136606720969316,0.97,C:model,False,True,priced,184.91,126.0,184.91,119.0,inf,28.8,45.0,True,36.9,0.0,charge-above-t,"Charged 185 against t < 45, so every opponent owed us nothing.",,,184.91,126.0,238.0,35.0,6.420486,4.375,7.588076,False
49,10,Newly plastered substrate (1 pcs),1.0,False,325.0,150.0,680.0,0.45940957570635155,0.96,C:model,False,True,priced,209.06,146.25,209.06,144.0,inf,8.0,45.0,True,26.5,0.0,charge-above-t,"Charged 209 against t < 45, so every opponent owed us nothing.",,,209.06,146.25,315.0,35.0,26.1325,18.28125,12.264151,False
49,11,Priming (1 pcs),1.0,False,160.0,75.0,320.0,0.44098263898403095,0.96,C:model,False,True,priced,104.25,72.0,104.25,64.03,72.25,128.25,,False,128.25,858.615,ok,Nothing obviously wrong with this item.,,,104.25,72.0,150.0,35.0,0.812865,0.561404,1.247563,False
49,12,Drying (1 pcs),1.0,False,390.0,180.0,750.0,0.43377396827967957,0.96,C:model,False,True,priced,255.37,175.5,255.37,158.91,204.25,255.37,,False,255.37,669.66,ok,Nothing obviously wrong with this item.,,,255.37,175.5,150.0,35.0,1.0,0.687238,1.527196,False
49,13,Facade paint (4 coats) (1 pcs),1.0,False,800.0,420.0,1550.0,0.39688616979813934,0.97,C:model,False,True,priced,537.12,360.0,537.12,357.0,inf,8.0,68.61,True,38.305,0.0,charge-above-t,"Charged 537 against t < 69, so every opponent owed us nothing.",,,537.12,360.0,490.0,35.0,67.14,45.0,20.885002,False
49,14,Painter hours (5 hrs),5.0,False,475.0,350.0,625.0,0.1762366246969429,0.97,C:model,False,True,priced,366.08,213.75,366.08,0.0,226.74,233.75,276.25,True,255.0,690.735,charge-above-t,"Charged 366 against t < 276, so every opponent owed us nothing.",,,366.08,213.75,750.0,35.0,1.566118,0.914439,1.862745,False
49,15,Scaffolding hire (1 pcs),1.0,False,850.0,500.0,1450.0,0.32362028480013016,0.95,C:model,False,True,priced,598.72,382.5,598.72,382.5,inf,0.0,111.91,True,55.955,0.0,coverage-too-high,Coverage came back 0.95 but the item is worth about nothing (t < 112).,,,598.72,382.5,910.0,35.0,,,15.190778,False
49,16,Repaint of undamaged rear elevation (no frost loss (1 flat rate),1.0,False,750.0,350.0,1500.0,0.4423365448653015,0.01,C:model,False,True,uncovered-free-option,488.21,0.0,,0.0,inf,0.0,,False,0.0,0.0,ok,Nothing obviously wrong with this item.,,,488.21,0.0,1085.0,0.0,,,,False
49,17,Waste disposal of removed plaster (1 pcs),1.0,False,155.0,85.0,300.0,0.3833225587130348,0.96,C:model,False,True,priced,105.01,69.75,105.01,59.5,inf,0.0,51.0,True,25.5,0.0,coverage-too-high,Coverage came back 0.96 but the item is worth about nothing (t < 51).,,,105.01,69.75,192.5,35.0,,,6.078431,False
49,18,Administrative flat rate (1 pcs),1.0,False,75.0,35.0,150.0,0.4423365448653015,0.0,C:model,False,True,uncovered-free-option,48.82,0.0,,0.0,inf,0.0,,False,0.0,0.0,ok,Nothing obviously wrong with this item.,,,48.82,0.0,150.0,16.67,,,,False
49,19,Catering for work crew,1.0,True,97.0,48.5,194.0,0.42136606720969316,0.0,A:no-quantity|C:model,False,True,uncovered-free-option,64.06,0.0,,0.0,inf,0.0,,False,0.0,0.0,ok,Nothing obviously wrong with this item.,,,64.06,0.0,150.0,0.0,,,,False
50,1,Filling valve (internal frost-burst fitting) (1 pcs),1.0,False,57.342720358407654,32.2687641043437,101.90001598666483,0.34951136485680523,0.96,B:memory|C:model,True,True,priced,39.72,39.72,39.72,17.1,42.38,50.79,68.64,True,59.715,419.925,ok,Nothing obviously wrong with this item.,150.0,0.0,39.72,39.72,150.0,0.0,0.782044,0.782044,0.960273,False
50,2,Connection hose (1 pcs),1.0,False,28.583669779515223,16.08503558231341,50.794179091698595,0.34951136485680523,0.95,B:memory|C:model,True,True,priced,19.8,19.8,19.8,17.1,21.19,25.59,26.57,True,26.08,174.255,ok,Nothing obviously wrong with this item.,150.0,33.66,19.8,19.8,150.0,31.42,0.77374,0.77374,1.096,False
50,3,Senior installer hours (3 hrs),3.0,False,281.14144564904734,158.20817242189165,499.5981639359308,0.34951136485680523,0.96,B:memory|C:model,True,True,priced,194.75,194.75,194.75,0.0,204.14,290.22,,False,290.22,5207.7300000000005,estimate-too-low,"Estimated 281 against a proven floor of t >= 290; the Charge and the Limit are both taken from that median, so both landed low.",450.0,0.0,194.75,194.75,450.0,0.0,0.671043,0.671043,0.968718,False
50,4,Auxiliary and cleaning material (1 pcs),1.0,False,42.42640687119284,18.259954538369545,98.57636809651792,0.5124988367552816,0.935,C:model,False,True,priced,26.28,19.09,26.28,18.2,inf,0.0,7.65,True,3.825,0.0,coverage-too-high,Coverage came back 0.94 but the item is worth about nothing (t < 8).,150.0,19.36,26.28,19.09,150.0,29.34,,,11.091871,False
50,5,Vehicle costs (1 pcs),1.0,False,74.15782163719508,41.73121257495036,131.7810379963679,0.34951136485680523,0.85,B:memory|C:model,True,True,priced,51.37,51.37,51.37,44.59,inf,30.87,44.1,True,37.485,0.0,charge-above-t,"Charged 51 against t < 44, so every opponent owed us nothing.",150.0,0.0,51.37,51.37,150.0,0.0,1.664075,1.664075,1.978333,False
50,6,Thermal imaging camera (leak detection) (1 pcs),1.0,False,584.9786320883868,415.9478010024886,822.6993848152424,0.20730428339898024,0.98,C:model,False,True,priced,442.66,263.24,,238.37,inf,0.0,80.75,True,40.375,0.0,coverage-too-high,Coverage came back 0.98 but the item is worth about nothing (t < 81).,154.0,35.0,442.66,263.24,150.0,35.0,,,14.488635,False
50,7,Facade damage where the wall froze from the internal (1 pcs),1.0,False,591.6079783099611,283.8327260782378,1233.1206652453557,0.44647972326941165,0.945,C:model,False,True,priced,384.0,266.22,384.0,247.04,383.6,384.0,617.5,True,500.75,575.4000000000001,ok,Nothing obviously wrong with this item.,1500.0,35.0,384.0,266.22,542.5,35.0,1.0,0.693281,1.181444,False
50,8,Loose plaster (1 pcs),1.0,False,222.26110770892868,108.35539956846523,455.9071370392226,0.4367393862271945,0.945,C:model,False,True,priced,145.24,100.02,145.24,76.5,inf,25.05,65.94,True,45.495,0.0,charge-above-t,"Charged 145 against t < 66, so every opponent owed us nothing.",1500.0,35.0,145.24,100.02,157.5,35.0,5.798004,3.992814,4.885396,False
50,9,Base plaster (1 pcs),1.0,False,84.39266979629888,47.4907213465197,149.96872048710358,0.34951136485680523,0.945,B:memory|C:model,True,True,priced,58.46,58.46,58.46,32.3,inf,32.3,58.46,True,45.379999999999995,0.0,ok,Nothing obviously wrong with this item.,1500.0,35.0,58.46,58.46,199.5,35.0,1.809907,1.809907,1.859689,False
50,10,Additional work (1 pcs),1.0,False,206.76073128135332,86.47823161341127,494.3440586425013,0.5298902811940083,0.78,C:model,False,True,priced,126.44,93.04,126.44,88.28,104.27,137.25,173.34,True,155.29500000000002,362.28,ok,Nothing obviously wrong with this item.,150.0,26.67,126.44,93.04,166.25,25.0,0.921239,0.677887,1.331406,False
50,11,Newly plastered substrate (1 pcs),1.0,False,67.01701805451854,37.71283142936426,119.09158073510832,0.34951136485680523,0.945,B:memory|C:model,True,True,priced,46.42,46.42,46.42,20.4,inf,20.4,46.42,True,33.41,0.0,ok,Nothing obviously wrong with this item.,1500.0,35.0,46.42,46.42,227.5,35.0,2.27549,2.27549,2.005897,False
50,12,Facade paint (4 coats) (1 pcs),1.0,False,98.76778758452235,55.58010535169144,175.51380665104222,0.3495113648568051,0.945,B:memory|C:model,True,True,priced,68.42,68.42,68.42,49.3,inf,49.3,68.42,True,58.86,0.0,ok,Nothing obviously wrong with this item.,1500.0,35.0,68.42,68.42,199.5,35.0,1.38783,1.38783,1.678012,False
50,13,Drying (1 pcs),1.0,False,323.1686857963292,181.85837753585952,574.2820369038708,0.3495113648568051,0.95,B:memory|C:model,True,True,priced,223.87,223.87,223.87,154.65,227.97,246.25,350.0,True,298.125,1055.58,ok,Nothing obviously wrong with this item.,1500.0,35.0,223.87,223.87,150.5,35.0,0.909117,0.909117,1.084004,False
50,14,Priming (1 pcs),1.0,False,143.88371301504455,80.96842222900933,255.68638119736522,0.34951136485680523,0.945,B:memory|C:model,True,True,priced,99.67,99.67,99.67,92.08,114.0,119.0,136.38,True,127.69,349.5,ok,Nothing obviously wrong with this item.,1500.0,35.0,99.67,99.67,150.0,35.0,0.837563,0.837563,1.126821,False
50,15,Painter hours (5 hrs),5.0,False,314.92771994288523,177.22089641437407,559.6375528793459,0.3495113648568051,0.955,B:memory|C:model,True,True,priced,218.16,218.16,218.16,216.75,243.0,243.0,276.25,True,259.625,364.5,ok,Nothing obviously wrong with this item.,750.0,35.0,218.16,218.16,750.0,35.0,0.897778,0.897778,1.21301,False
50,16,Flat rate (1 pcs),1.0,False,124.89995996796794,51.749695421122034,301.45104957724516,0.5356197872783214,0.83,C:model,False,True,priced,76.06,56.2,76.06,54.57,60.0,360.0,,False,360.0,1420.395,charge-far-below-t,Charged 76 against t >= 360; the difference was forfeited from every opponent.,150.0,16.67,76.06,56.2,210.0,33.33,0.211278,0.156111,0.346944,False
51,1,Leak tracing and locating the defect (1 pcs),1.0,False,594.4745579080742,419.8949322353161,841.6391170016527,0.21135161142644798,0.98,C:model,False,True,priced,448.76,267.51,448.76,209.0,271.72,469.04,,False,469.04,6345.645,ok,Nothing obviously wrong with this item.,420.0,35.0,448.76,267.51,367.5,35.0,0.956763,0.570335,1.267428,False
51,2,Technical room drying of the affected basement area (6 pcs),6.0,False,1324.7641299491772,715.2264029369055,2453.76847498011,0.37470551210034553,0.965,C:model,False,True,priced,902.67,596.14,902.67,558.35,680.8,2539.45,,False,2539.45,28026.614999999998,charge-far-below-t,Charged 903 against t >= 2539; the difference was forfeited from every opponent.,2100.0,35.0,902.67,596.14,2100.0,35.0,0.355459,0.234752,0.521674,False
51,3,"Confirmed pipe repair including copper fittings, (1 flat rate)",1.0,False,738.9181280764469,445.49675409605703,1225.5981552724695,0.3075970616771248,0.94,C:model,False,True,priced,525.8,332.51,525.8,322.13,334.27,731.2,,False,731.2,5233.725,ok,Nothing obviously wrong with this item.,1085.0,0.0,525.8,332.51,542.5,0.0,0.719092,0.454746,1.010555,False
51,4,Vehicle costs (2 pcs),2.0,False,109.02304401037921,61.351098572228615,193.73775534427753,0.3495113648568051,0.9299999999999999,B:memory|C:model,True,True,priced,75.52,75.52,75.52,74.67,78.85,150.65,,False,150.65,1028.865,estimate-too-low,"Estimated 109 against a proven floor of t >= 151; the Charge and the Limit are both taken from that median, so both landed low.",300.0,35.0,75.52,75.52,300.0,35.0,0.501294,0.501294,0.723684,False
51,5,Reinstatement of the affected tiled surfaces including (1 flat rate),1.0,False,2049.3901531919196,1054.7868245582379,3981.8472341641436,0.4037711721361824,0.955,C:model,False,True,priced,1369.61,708.0,1369.61,530.66,inf,67.5,341.0,True,204.25,0.0,charge-above-t,"Charged 1370 against t < 341, so every opponent owed us nothing.",4500.0,35.0,1369.61,708.0,2380.0,35.0,20.290519,10.488889,10.033734,False
51,6,Vehicle costs (1 pcs),1.0,False,91.83403237289946,51.67823760138828,163.1922815734759,0.34951136485680523,0.935,B:memory|C:model,True,True,priced,63.62,63.62,63.62,55.33,65.0,78.85,,False,78.85,412.84499999999997,ok,Nothing obviously wrong with this item.,150.0,35.0,63.62,63.62,150.0,35.0,0.806848,0.806848,1.164667,False
52,1,Internal frost-burst fitting repair including thermal- (1 flat rate),1.0,False,1299.0381056766576,833.8055022953707,2023.853279157436,0.26953142029210697,0.95,C:model,False,True,priced,946.62,584.57,946.62,552.5,inf,399.21,503.5,True,451.355,0.0,charge-above-t,"Charged 947 against t < 504, so every opponent owed us nothing.",,,946.62,584.57,,,2.371233,1.464317,2.878085,False
52,2,Exterior facade frost damage repair (re-plaster and (1 flat rate),1.0,False,2796.426290821913,1366.7900948487072,5721.434497859463,0.435183758669013,0.02,C:model,False,True,uncovered-free-option,1829.33,0.0,,0.0,inf,0.0,45.0,True,22.5,0.0,ok,Nothing obviously wrong with this item.,,,1829.33,0.0,,,,,124.285613,False
53,1,Compensation for items taken in robbery (watch and (1 pcs),1.0,False,5916.079783099618,2550.6314855209644,13722.092038259028,0.5114486692107401,0.42,C:model,False,True,uncovered-free-option,4583.84,0.0,4583.84,0.0,176.75,8626.5,,False,8626.5,77793.15000000001,coverage-too-low,"Coverage came back 0.42 so the Limit collapsed, but the item is worth at least 8626.",,,4583.84,0.0,,,0.531367,0.0,0.685803,False
53,2,Translation and handling of police report for the claim1 flat rate,1.0,False,259.22962793631444,125.89560640491611,533.7755773927938,0.43906457161880336,0.005,C:model,False,True,uncovered-free-option,169.13,0.0,,0.0,inf,0.0,,False,0.0,0.0,ok,Nothing obviously wrong with this item.,,,169.13,0.0,,,,,,False
